ZERO0,0
ZERO1,0
ZERO2,0
ZERO3,0
ZERO4,0
ZERO5,0 
ZERO6,0
ZERO7,0
ZERO8,0
ZERO9,0
ZERO10,0
ZERO11,0 
ZERO12,0
ZERO13,0
ZERO14,0
ZERO15,0
ZERO16,0
ZERO17,0 
ZERO18,0
ZERO19,0
ZERO20,0 
ZERO21,0 
ZERO22,0
ZERO23,0 
ZERO0,0
ZERO1,0
ZERO2,0
ZERO3,0
ZERO4,0
ZERO5,0 
ZERO6,0
ZERO7,0
ZERO8,0
ZERO9,0
ZERO10,0
ZERO11,0 
ZERO12,0
ZERO13,0
ZERO14,0
ZERO15,0
ZERO16,0
ZERO17,0 
ZERO18,0
ZERO19,0
ZERO20,0 
ZERO21,0 
ZERO22,0
ZERO23,0 
000000,4
000001,2
000002,2
000003,1
000004,2
000005,0
000006,2
000007,3
000008,5
000009,4
000010,5
000011,6
000012,14
000013,4
000014,12
000015,10
000016,10
000017,9
000018,8
000019,5
000020,2
000021,6
000022,10
000023,5
000024,4
000025,5
000026,3
000027,0
000028,2
000029,0
000030,2
000031,3
000032,1
000033,5
000034,7
000035,6
000036,8
000037,6
000038,10
000039,12
000040,22
000041,14
000042,11
000043,18
000044,4
000045,8
000046,7
000047,4
000048,4
000049,3
000050,2
000051,1
000052,0
000053,1
000054,0
000055,1
000056,4
000057,6
000058,7
000059,10
000060,6
000061,7
000062,11
000063,12
000064,8
000065,6
000066,2
000067,12
000068,4
000069,2
000070,6
000071,3
000072,3
000073,2
000074,2
000075,1
000076,1
000077,1
000078,1
000079,2
000080,3
000081,6
000082,2
000083,7
000084,4
000085,4
000086,6
000087,17
000088,6
000089,8
000090,8
000091,2
000092,3
000093,2
000094,3
000095,0
000096,0
000097,0
000098,0
000099,0
000100,1
000101,1
000102,0
000103,1
000104,3
000105,2
000106,2
000107,3
000108,5
000109,3
000110,5
000111,2
000112,7
000113,4
000114,5
000115,3
000116,4
000117,1
000118,6
000119,0
000120,2
000121,2
000122,4
000123,0
000124,1
000125,1
000126,3
000127,1
000128,1
000129,0
000130,4
000131,2
000132,5
000133,5
000134,5
000135,1
000136,5
000137,3
000138,4
000139,4
000140,0
000141,3
000142,1
000143,9
000144,4
000145,1
000146,4
000147,8
000148,0
000149,0
000150,0
000151,0
000152,3
000153,2
000154,10
000155,11
000156,11
000157,6
000158,6
000159,5
000160,6
000161,5
000162,5
000163,4
000164,7
000165,4
000166,3
000167,4
000168,5
000169,1
000170,1
000171,0
000172,1
000173,0
000174,0
000175,2
000176,2
000177,8
000178,6
000179,5
000180,5
000181,3
000182,3
000183,8
000184,8
000185,8
000186,11
000187,3
000188,6
000189,6
000190,7
000191,6
000192,1
000193,1
000194,3
000195,1
000196,1
000197,0
000198,1
000199,1
000200,3
000201,7
000202,8
000203,5
000204,6
000205,7
000206,2
000207,10
000208,7
000209,6
000210,10
000211,9
000212,5
000213,6
000214,34
000215,29
000216,19
000217,5
000218,4
000219,2
000220,4
000221,0
000222,4
000223,5
000224,20
000225,36
000226,38
000227,32
000228,16
000229,18
000230,19
000231,26
000232,15
000233,24
000234,18
000235,9
000236,11
000237,12
000238,7
000239,8
000240,10
000241,5
000242,4
000243,2
000244,2
000245,1
000246,3
000247,7
000248,4
000249,9
000250,24
000251,14
000252,17
000253,12
000254,12
000255,16
000256,9
000257,14
000258,13
000259,15
000260,7
000261,5
000262,4
000263,6
000264,3
000265,3
000266,5
000267,3
000268,10
000269,2
000270,4
000271,1
000272,3
000273,5
000274,4
000275,4
000276,10
000277,9
000278,6
000279,10
000280,5
000281,7
000282,10
000283,7
000284,7
000285,3
000286,6
000287,4
000288,4
000289,2
000290,2
000291,0
000292,2
000293,2
000294,0
000295,2
000296,2
000297,2
000298,4
000299,5
000300,4
000301,6
000302,0
000303,5
000304,4
000305,2
000306,6
000307,11
000308,8
000309,15
000310,10
000311,7
000312,10
000313,3
000314,1
000315,1
000316,0
000317,0
000318,1
000319,2
000320,3
000321,8
000322,14
000323,4
000324,3
000325,14
000326,11
000327,8
000328,6
000329,4
000330,13
000331,10
000332,3
000333,5
000334,5
000335,8
000336,3
000337,3
000338,2
000339,0
000340,2
000341,1
000342,2
000343,3
000344,4
000345,4
000346,8
000347,7
000348,9
000349,11
000350,8
000351,9
000352,10
000353,13
000354,4
000355,7
000356,6
000357,6
000358,6
000359,2
000360,5
000361,2
000362,1
000363,2
000364,4
000365,0
000366,3
000367,1
000368,6
000369,12
000370,11
000371,7
000372,6
000373,6
000374,6
000375,14
000376,14
000377,9
000378,4
000379,4
000380,7
000381,11
000382,6
000383,3
000384,5
000385,1
000386,1
000387,2
000388,0
000389,0
000390,1
000391,0
000392,2
000393,4
000394,6
000395,6
000396,16
000397,9
000398,10
000399,14
000400,11
000401,5
000402,4
000403,9
000404,7
000405,2
000406,4
000407,5
000408,5
000409,5
000410,0
000411,1
000412,9
000413,1
000414,1
000415,2
000416,4
000417,3
000418,8
000419,10
000420,8
000421,3
000422,9
000423,7
000424,7
000425,11
000426,7
000427,3
000428,7
000429,5
000430,7
000431,2
000432,4
000433,5
000434,2
000435,1
000436,1
000437,0
000438,1
000439,2
000440,6
000441,5
000442,4
000443,5
000444,5
000445,6
000446,2
000447,4
000448,2
000449,2
000450,7
000451,5
000452,7
000453,3
000454,3
000455,1
000456,6
000457,2
000458,0
000459,2
000460,1
000461,0
000462,0
000463,1
000464,1
000465,2
000466,5
000467,5
000468,6
000469,3
000470,3
000471,7
000472,4
000473,3
000474,4
000475,4
000476,3
000477,6
000478,5
000479,2
000480,3
000481,6
000482,2
000483,3
000484,3
000485,0
000486,0
000487,1
000488,1
000489,7
000490,4
000491,2
000492,12
000493,8
000494,50
000495,56
000496,35
000497,25
000498,33
000499,12
000500,14
000501,11
000502,12
000503,11
000504,12
000505,5
000506,2
000507,1
000508,3
000509,2
000510,4
000511,6
000512,16
000513,12
000514,25
000515,21
000516,15
000517,19
000518,17
000519,25
000520,15
000521,11
000522,15
000523,10
000524,4
000525,9
000526,14
000527,5
000528,6
000529,4
000530,3
000531,2
000532,0
000533,2
000534,0
000535,3
000536,6
000537,9
000538,10
000539,23
000540,9
000541,20
000542,16
000543,13
000544,21
000545,20
000546,11
000547,10
000548,16
000549,10
000550,11
000551,5
000552,4
000553,2
000554,2
000555,3
000556,1
000557,4
000558,3
000559,7
000560,8
000561,4
000562,5
000563,12
000564,14
000565,17
000566,15
000567,17
000568,11
000569,9
000570,12
000571,3
000572,8
000573,10
000574,8
000575,16
000576,9
000577,2
000578,1
000579,3
000580,1
000581,0
000582,1
000583,1
000584,6
000585,1
000586,12
000587,7
000588,6
000589,10
000590,1
000591,6
000592,8
000593,8
000594,10
000595,9
000596,5
000597,3
000598,1
000599,4
000600,3
000601,2
000602,1
000603,3
000604,1
000605,2
000606,2
000607,0
000608,1
000609,3
000610,2
000611,7
000612,4
000613,3
000614,4
000615,10
000616,4
000617,10
000618,2
000619,6
000620,8
000621,6
000622,5
000623,6
000624,3
000625,6
000626,2
000627,1
000628,2
000629,2
000630,3
000631,1
000632,2
000633,4
000634,4
000635,5
000636,5
000637,8
000638,7
000639,8
000640,10
000641,4
000642,8
000643,9
000644,5
000645,9
000646,5
000647,8
000648,8
000649,4
000650,6
000651,2
000652,0
000653,2
000654,2
000655,1
000656,8
000657,8
000658,4
000659,10
000660,8
000661,10
000662,8
000663,10
000664,7
000665,11
000666,9
000667,7
000668,2
000669,4
000670,10
000671,7
000672,4
000673,2
000674,4
000675,2
000676,0
000677,2
000678,1
000679,0
000680,3
000681,6
000682,6
000683,4
000684,8
000685,10
000686,13
000687,9
000688,9
000689,12
000690,8
000691,7
000692,6
000693,6
000694,5
000695,7
000696,4
000697,0
000698,3
000699,1
000700,1
000701,4
000702,1
000703,4
000704,2
000705,6
000706,6
000707,12
000708,10
000709,13
000710,9
000711,11
000712,8
000713,9
000714,8
000715,5
000716,4
000717,12
000718,14
000719,4
000720,4
000721,2
000722,1
000723,3
000724,1
000725,4
000726,1
000727,1
000728,4
000729,5
000730,9
000731,8
000732,7
000733,8
000734,10
000735,6
000736,11
000737,4
000738,2
000739,6
000740,4
000741,11
000742,6
000743,8
000744,1
000745,5
000746,2
000747,0
000748,1
000749,0
000750,2
000751,2
000752,2
000753,4
000754,11
000755,8
000756,7
000757,8
000758,9
000759,8
000760,5
000761,9
000762,6
000763,5
000764,6
000765,5
000766,4
000767,4
000768,2
000769,1
000770,2
000771,0
000772,1
000773,1
000774,1
000775,1
000776,3
000777,2
000778,2
000779,4
000780,5
000781,5
000782,4
000783,6
000784,3
000785,7
000786,5
000787,6
000788,4
000789,5
000790,2
000791,6
000792,2
000793,2
000794,0
000795,1
000796,2
000797,1
000798,0
000799,1
000800,0
000801,1
000802,1
000803,4
000804,3
000805,8
000806,3
000807,3
000808,4
000809,6
000810,2
000811,6
000812,7
000813,4
000814,2
000815,5
000816,1
000817,3
000818,0
000819,2
000820,2
000821,1
000822,0
000823,3
000824,5
000825,3
000826,9
000827,7
000828,8
000829,5
000830,8
000831,4
000832,5
000833,11
000834,7
000835,6
000836,6
000837,1
000838,8
000839,2
000840,1
000841,2
000842,0
000843,3
000844,2
000845,1
000846,1
000847,1
000848,3
000849,0
000850,3
000851,10
000852,6
000853,6
000854,1
000855,10
000856,11
000857,8
000858,8
000859,6
000860,4
000861,6
000862,6
000863,4
000864,3
000865,4
000866,0
000867,1
000868,1
000869,2
000870,0
000871,1
000872,3
000873,5
000874,6
000875,6
000876,6
000877,9
000878,8
000879,11
000880,6
000881,7
000882,9
000883,9
000884,4
000885,6
000886,7
000887,4
000888,3
000889,2
000890,4
000891,2
000892,2
000893,2
000894,3
000895,2
000896,3
000897,5
000898,5
000899,10
000900,4
000901,5
000902,5
000903,8
000904,4
000905,3
000906,7
000907,2
000908,5
000909,5
000910,5
000911,4
000912,5
000913,3
000914,3
000915,0
000916,2
000917,0
000918,1
000919,1
000920,4
000921,5
000922,6
000923,8
000924,3
000925,5
000926,7
000927,9
000928,7
000929,6
000930,5
000931,3
000932,3
000933,7
000934,2
000935,2
000936,3
000937,0
000938,1
000939,0
000940,1
000941,1
000942,1
000943,1
000944,0
000945,1
000946,0
000947,2
000948,0
000949,0
000950,0
000951,0
000952,0
000953,0
000954,2
000955,6
000956,7
000957,7
000958,7
000959,5
000960,4
000961,3
000962,1
000963,2
000964,3
000965,2
000966,1
000967,0
000968,3
000969,1
000970,2
000971,4
000972,4
000973,2
000974,3
000975,7
000976,6
000977,6
000978,7
000979,7
000980,4
000981,5
000982,4
000983,5
000984,3
000985,0
000986,1
000987,1
000988,0
000989,2
000990,0
000991,2
000992,3
000993,5
000994,4
000995,9
000996,7
000997,7
000998,9
000999,9
001000,10
001001,5
001002,8
001003,5
001004,8
001005,4
001006,6
001007,6
001008,2
001009,2
001010,1
001011,3
001012,0
001013,4
001014,2
001015,2
001016,4
001017,1
001018,4
001019,8
001020,7
001021,2
001022,11
001023,9
001024,8
001025,9
001026,4
001027,4
001028,4
001029,6
001030,1
001031,5
001032,2
001033,2
001034,2
001035,0
001036,1
001037,1
001038,3
001039,1
001040,6
001041,8
001042,4
001043,8
001044,7
001045,1
001046,6
001047,4
001048,3
001049,5
001050,4
001051,6
001052,4
001053,3
001054,6
001055,1
001056,2
001057,3
001058,3
001059,3
001060,0
001061,0
001062,1
001063,2
001064,2
001065,2
001066,4
001067,3
001068,3
001069,7
001070,4
001071,9
001072,11
001073,5
001074,3
001075,6
001076,5
001077,3
001078,6
001079,5
001080,2
001081,2
001082,2
001083,2
001084,3
001085,0
001086,1
001087,1
001088,3
001089,2
001090,4
001091,9
001092,9
001093,6
001094,5
001095,8
001096,4
001097,18
001098,9
001099,5
001100,4
001101,5
001102,1
001103,4
001104,6
001105,2
001106,4
001107,0
001108,2
001109,1
001110,1
001111,0
001112,2
001113,6
001114,12
001115,4
001116,3
001117,6
001118,5
001119,7
001120,7
001121,6
001122,5
001123,9
001124,5
001125,6
001126,4
001127,2
001128,0
001129,3
001130,3
001131,0
001132,1
001133,2
001134,0
001135,0
001136,1
001137,3
001138,4
001139,3
001140,7
001141,1
001142,5
001143,2
001144,2
001145,3
001146,3
001147,2
001148,6
001149,7
001150,8
001151,6
001152,2
001153,2
001154,2
001155,3
001156,0
001157,2
001158,2
001159,3
001160,5
001161,2
001162,5
001163,6
001164,5
001165,8
001166,7
001167,11
001168,11
001169,6
001170,3
001171,1
001172,3
001173,2
001174,3
001175,3
001176,3
001177,2
001178,1
001179,0
001180,1
001181,1
001182,0
001183,2
001184,2
001185,3
001186,8
001187,4
001188,15
001189,18
001190,19
001191,15
001192,25
001193,16
001194,17
001195,9
001196,5
001197,5
001198,3
001199,4
001200,6
001201,0
001202,3
001203,3
001204,4
001205,1
001206,0
001207,3
001208,7
001209,5
001210,13
001211,14
001212,14
001213,22
001214,19
001215,10
001216,16
001217,7
001218,8
001219,8
001220,8
001221,6
001222,6
001223,5
001224,5
001225,4
001226,4
001227,0
001228,0
001229,1
001230,2
001231,0
001232,4
001233,3
001234,10
001235,15
001236,7
001237,13
001238,15
001239,11
001240,11
001241,10
001242,4
001243,5
001244,9
001245,7
001246,5
001247,4
001248,3
001249,1
001250,1
001251,2
001252,1
001253,0
001254,1
001255,5
001256,5
001257,9
001258,15
001259,20
001260,11
001261,11
001262,8
001263,15
001264,7
001265,11
001266,8
001267,15
001268,11
001269,8
001270,14
001271,4
001272,7
001273,5
001274,3
001275,0
001276,1
001277,3
001278,0
001279,1
001280,3
001281,7
001282,11
001283,17
001284,15
001285,8
001286,18
001287,17
001288,12
001289,11
001290,13
001291,9
001292,9
001293,10
001294,2
001295,5
001296,3
001297,4
001298,1
001299,3
001300,2
001301,2
001302,1
001303,1
001304,1
001305,5
001306,12
001307,11
001308,6
001309,9
001310,11
001311,11
001312,5
001313,12
001314,4
001315,2
001316,4
001317,2
001318,3
001319,2
001320,2
001321,0
001322,1
001323,0
001324,0
001325,0
001326,0
001327,1
001328,3
001329,4
001330,15
001331,18
001332,6
001333,7
001334,10
001335,11
001336,11
001337,9
001338,5
001339,6
001340,5
001341,5
001342,5
001343,7
001344,5
001345,3
001346,5
001347,3
001348,3
001349,1
001350,0
001351,2
001352,6
001353,6
001354,7
001355,13
001356,8
001357,15
001358,8
001359,7
001360,8
001361,12
001362,7
001363,7
001364,5
001365,5
001366,6
001367,6
001368,2
001369,4
001370,3
001371,1
001372,0
001373,0
001374,0
001375,1
001376,3
001377,5
001378,7
001379,6
001380,10
001381,5
001382,11
001383,9
001384,7
001385,12
001386,6
001387,2
001388,7
001389,5
001390,5
001391,3
001392,5
001393,1
001394,3
001395,0
001396,1
001397,0
001398,0
001399,2
001400,4
001401,0
001402,9
001403,6
001404,6
001405,6
001406,7
001407,9
001408,8
001409,11
001410,6
001411,1
001412,1
001413,4
001414,3
001415,6
001416,3
001417,1
001418,3
001419,1
001420,1
001421,0
001422,1
001423,1
001424,0
001425,2
001426,3
001427,5
001428,7
001429,2
001430,7
001431,4
001432,5
001433,3
001434,3
001435,5
001436,4
001437,6
001438,3
001439,4
001440,4
001441,4
001442,0
001443,0
001444,1
001445,0
001446,0
001447,0
001448,5
001449,2
001450,2
001451,8
001452,1
001453,4
001454,5
001455,3
001456,9
001457,3
001458,1
001459,2
001460,3
001461,3
001462,2
001463,6
001464,1
001465,0
001466,2
001467,1
001468,1
001469,1
001470,0
001471,2
001472,1
001473,0
001474,6
001475,3
001476,1
001477,3
001478,2
001479,5
001480,2
001481,4
001482,1
001483,2
001484,4
001485,3
001486,6
001487,4
001488,5
001489,5
001490,3
001491,0
001492,2
001493,2
001494,1
001495,1
001496,8
001497,6
001498,12
001499,8
001500,10
001501,6
001502,12
001503,9
001504,5
001505,6
001506,5
001507,4
001508,3
001509,4
001510,4
001511,3
001512,3
001513,0
001514,3
001515,0
001516,2
001517,1
001518,3
001519,5
001520,3
001521,2
001522,7
001523,14
001524,12
001525,7
001526,9
001527,6
001528,10
001529,10
001530,8
001531,8
001532,5
001533,2
001534,12
001535,10
001536,6
001537,2
001538,1
001539,4
001540,3
001541,2
001542,1
001543,2
001544,5
001545,6
001546,9
001547,13
001548,9
001549,11
001550,6
001551,5
001552,6
001553,7
001554,7
001555,5
001556,5
001557,10
001558,6
001559,6
001560,5
001561,2
001562,1
001563,0
001564,1
001565,0
001566,2
001567,4
001568,3
001569,3
001570,7
001571,16
001572,12
001573,17
001574,9
001575,7
001576,8
001577,7
001578,2
001579,6
001580,6
001581,5
001582,6
001583,2
001584,3
001585,2
001586,2
001587,0
001588,3
001589,2
001590,1
001591,1
001592,4
001593,6
001594,5
001595,10
001596,7
001597,8
001598,6
001599,11
001600,9
001601,7
001602,5
001603,4
001604,5
001605,3
001606,2
001607,2
001608,1
001609,4
001610,1
001611,0
001612,1
001613,0
001614,1
001615,1
001616,4
001617,1
001618,2
001619,4
001620,5
001621,4
001622,4
001623,3
001624,2
001625,0
001626,9
001627,3
001628,7
001629,7
001630,1
001631,2
001632,1
001633,3
001634,1
001635,1
001636,2
001637,0
001638,6
001639,3
001640,2
001641,2
001642,3
001643,3
001644,3
001645,8
001646,3
001647,5
001648,3
001649,4
001650,4
001651,9
001652,5
001653,5
001654,3
001655,6
001656,1
001657,3
001658,0
001659,0
001660,0
001661,1
001662,0
001663,0
001664,4
001665,4
001666,7
001667,6
001668,9
001669,6
001670,5
001671,10
001672,5
001673,6
001674,9
001675,3
001676,3
001677,5
001678,6
001679,7
001680,1
001681,1
001682,2
001683,2
001684,2
001685,0
001686,0
001687,3
001688,4
001689,2
001690,4
001691,3
001692,4
001693,6
001694,4
001695,7
001696,8
001697,9
001698,6
001699,3
001700,2
001701,8
001702,5
001703,3
001704,3
001705,5
001706,2
001707,1
001708,4
001709,0
001710,1
001711,1
001712,4
001713,4
001714,4
001715,6
001716,4
001717,4
001718,15
001719,10
001720,6
001721,9
001722,3
001723,6
001724,4
001725,7
001726,8
001727,6
001728,2
001729,3
001730,2
001731,2
001732,0
001733,0
001734,0
001735,2
001736,1
001737,4
001738,9
001739,6
001740,3
001741,9
001742,10
001743,8
001744,12
001745,9
001746,2
001747,2
001748,1
001749,5
001750,6
001751,4
001752,5
001753,0
001754,3
001755,2
001756,1
001757,1
001758,1
001759,2
001760,3
001761,4
001762,7
001763,13
001764,8
001765,7
001766,9
001767,11
001768,5
001769,5
001770,4
001771,4
001772,4
001773,6
001774,2
001775,3
001776,5
001777,1
001778,0
001779,2
001780,3
001781,1
001782,1
001783,0
001784,2
001785,1
001786,7
001787,3
001788,9
001789,4
001790,5
001791,7
001792,7
001793,6
001794,5
001795,7
001796,2
001797,3
001798,4
001799,5
001800,5
001801,1
001802,3
001803,1
001804,0
001805,4
001806,1
001807,2
001808,2
001809,3
001810,6
001811,4
001812,8
001813,6
001814,3
001815,5
001816,6
001817,3
001818,4
001819,4
001820,6
001821,8
001822,3
001823,2
001824,4
001825,1
001826,2
001827,1
001828,2
001829,3
001830,2
001831,0
001832,3
001833,6
001834,7
001835,8
001836,10
001837,4
001838,9
001839,8
001840,6
001841,8
001842,7
001843,3
001844,0
001845,3
001846,5
001847,3
001848,7
001849,1
001850,3
001851,1
001852,0
001853,2
001854,2
001855,0
001856,2
001857,5
001858,13
001859,9
001860,8
001861,12
001862,12
001863,8
001864,8
001865,10
001866,6
001867,8
001868,6
001869,4
001870,5
001871,4
001872,4
001873,1
001874,1
001875,3
001876,1
001877,2
001878,1
001879,1
001880,3
001881,3
001882,8
001883,9
001884,5
001885,7
001886,5
001887,7
001888,5
001889,8
001890,5
001891,5
001892,12
001893,2
001894,3
001895,6
001896,6
001897,1
001898,2
001899,2
001900,0
001901,4
001902,1
001903,1
001904,3
001905,4
001906,10
001907,5
001908,2
001909,8
001910,9
001911,5
001912,7
001913,9
001914,3
001915,3
001916,10
001917,0
001918,7
001919,5
001920,3
001921,1
001922,3
001923,4
001924,2
001925,1
001926,3
001927,2
001928,3
001929,4
001930,6
001931,7
001932,6
001933,5
001934,11
001935,11
001936,14
001937,10
001938,7
001939,3
001940,2
001941,7
001942,1
001943,3
001944,2
001945,2
001946,3
001947,3
001948,0
001949,2
001950,0
001951,3
001952,1
001953,1
001954,2
001955,5
001956,17
001957,24
001958,15
001959,9
001960,16
001961,17
001962,9
001963,7
001964,10
001965,12
001966,4
001967,5
001968,2
001969,6
001970,2
001971,2
001972,0
001973,0
001974,1
001975,1
001976,6
001977,4
001978,9
001979,35
001980,14
001981,6
001982,4
001983,11
001984,12
001985,3
001986,10
001987,6
001988,7
001989,4
001990,6
001991,6
001992,2
001993,0
001994,2
001995,0
001996,0
001997,4
001998,0
001999,2
002000,3
002001,6
002002,8
002003,8
002004,12
002005,7
002006,6
002007,12
002008,10
002009,19
002010,3
002011,2
002012,7
002013,8
002014,4
002015,6
002016,3
002017,2
002018,3
002019,1
002020,2
002021,1
002022,0
002023,0
002024,6
002025,6
002026,9
002027,10
002028,5
002029,10
002030,11
002031,8
002032,10
002033,12
002034,7
002035,4
002036,6
002037,7
002038,6
002039,0
002040,3
002041,3
002042,4
002043,1
002044,0
002045,0
002046,0
002047,1
002048,3
002049,7
002050,7
002051,9
002052,5
002053,6
002054,11
002055,11
002056,18
002057,16
002058,11
002059,6
002060,6
002061,4
002062,4
002063,5
002064,7
002065,2
002066,4
002067,3
002068,1
002069,0
002070,0
002071,4
002072,4
002073,5
002074,11
002075,10
002076,10
002077,3
002078,8
002079,14
002080,12
002081,16
002082,14
002083,3
002084,5
002085,6
002086,5
002087,6
002088,5
002089,0
002090,0
002091,1
002092,4
002093,2
002094,1
002095,1
002096,2
002097,2
002098,6
002099,10
002100,5
002101,3
002102,11
002103,7
002104,6
002105,7
002106,6
002107,2
002108,2
002109,3
002110,3
002111,3
002112,4
002113,0
002114,2
002115,3
002116,0
002117,1
002118,2
002119,2
002120,3
002121,2
002122,3
002123,4
002124,7
002125,2
002126,6
002127,4
002128,7
002129,6
002130,3
002131,2
002132,3
002133,1
002134,3
002135,1
002136,1
002137,2
002138,4
002139,2
002140,0
002141,1
002142,1
002143,0
002144,1
002145,3
002146,4
002147,4
002148,6
002149,6
002150,6
002151,4
002152,4
002153,6
002154,3
002155,4
002156,5
002157,1
002158,3
002159,5
002160,4
002161,1
002162,1
002163,3
002164,1
002165,0
002166,1
002167,1
002168,6
002169,5
002170,5
002171,7
002172,9
002173,5
002174,7
002175,8
002176,7
002177,4
002178,15
002179,16
002180,9
002181,6
002182,8
002183,7
002184,4
002185,6
002186,7
002187,1
002188,3
002189,1
002190,0
002191,3
002192,6
002193,15
002194,14
002195,12
002196,9
002197,9
002198,12
002199,11
002200,15
002201,4
002202,4
002203,5
002204,6
002205,7
002206,4
002207,3
002208,4
002209,5
002210,2
002211,2
002212,2
002213,2
002214,0
002215,3
002216,4
002217,6
002218,9
002219,11
002220,6
002221,8
002222,9
002223,11
002224,11
002225,7
002226,4
002227,7
002228,11
002229,8
002230,5
002231,4
002232,4
002233,0
002234,3
002235,2
002236,1
002237,2
002238,1
002239,3
002240,7
002241,4
002242,9
002243,8
002244,11
002245,18
002246,13
002247,12
002248,10
002249,7
002250,10
002251,11
002252,7
002253,5
002254,11
002255,6
002256,2
002257,4
002258,1
002259,1
002260,2
002261,0
002262,1
002263,2
002264,5
002265,6
002266,8
002267,7
002268,9
002269,6
002270,8
002271,9
002272,6
002273,9
002274,5
002275,3
002276,2
002277,4
002278,4
002279,1
002280,2
002281,2
002282,0
002283,1
002284,3
002285,0
002286,1
002287,1
002288,2
002289,3
002290,2
002291,2
002292,3
002293,6
002294,6
002295,6
002296,4
002297,7
002298,5
002299,4
002300,1
002301,2
002302,4
002303,3
002304,3
002305,3
002306,3
002307,2
002308,1
002309,0
002310,0
002311,2
002312,1
002313,2
002314,6
002315,4
002316,6
002317,3
002318,2
002319,4
002320,4
002321,6
002322,3
002323,1
002324,1
002325,3
002326,4
002327,4
002328,2
002329,1
002330,0
002331,2
002332,1
002333,2
002334,0
002335,1
002336,1
002337,5
002338,3
002339,7
002340,8
002341,3
002342,3
002343,9
002344,3
002345,0
002346,4
002347,7
002348,4
002349,4
002350,0
002351,4
002352,3
002353,3
002354,0
002355,0
002356,1
002357,0
002358,2
002359,0
002360,3
002361,6
002362,4
002363,3
002364,3
002365,6
002366,6
002367,8
002368,5
002369,6
002370,4
002371,2
002372,5
002373,3
002374,5
002375,3
002376,2
002377,3
002378,2
002379,0
002380,1
002381,1
002382,0
002383,1
002384,5
002385,3
002386,6
002387,10
002388,6
002389,4
002390,3
002391,7
002392,9
002393,4
002394,4
002395,3
002396,2
002397,0
002398,2
002399,4
002400,3
002401,1
002402,2
002403,0
002404,0
002405,1
002406,1
002407,0
002408,0
002409,5
002410,5
002411,3
002412,5
002413,3
002414,4
002415,4
002416,8
002417,3
002418,12
002419,5
002420,6
002421,2
002422,2
002423,2
002424,2
002425,2
002426,0
002427,1
002428,1
002429,1
002430,1
002431,3
002432,4
002433,5
002434,5
002435,7
002436,7
002437,6
002438,2
002439,7
002440,3
002441,6
002442,4
002443,3
002444,3
002445,2
002446,4
002447,2
002448,1
002449,2
002450,1
002451,0
002452,2
002453,0
002454,0
002455,0
002456,1
002457,1
002458,3
002459,2
002460,4
002461,1
002462,9
002463,2
002464,3
002465,0
002466,2
002467,6
002468,4
002469,2
002470,2
002471,2
002472,2
002473,0
002474,1
002475,2
002476,1
002477,1
002478,1
002479,1
002480,1
002481,4
002482,5
002483,5
002484,2
002485,7
002486,3
002487,8
002488,4
002489,4
002490,3
002491,2
002492,0
002493,2
002494,4
002495,2
002496,3
002497,0
002498,1
002499,0
002500,2
002501,0
002502,0
002503,1
002504,3
002505,5
002506,6
002507,21
002508,34
002509,26
002510,27
002511,21
002512,17
002513,11
002514,11
002515,2
002516,2
002517,6
002518,5
002519,12
002520,4
002521,3
002522,1
002523,2
002524,1
002525,1
002526,3
002527,1
002528,4
002529,5
002530,5
002531,8
002532,8
002533,3
002534,6
002535,5
002536,10
002537,7
002538,4
002539,5
002540,3
002541,5
002542,2
002543,6
002544,0
002545,1
002546,1
002547,5
002548,1
002549,1
002550,0
002551,0
002552,8
002553,9
002554,7
002555,5
002556,5
002557,4
002558,7
002559,4
002560,11
002561,11
002562,7
002563,4
002564,7
002565,10
002566,7
002567,3
002568,3
002569,0
002570,3
002571,1
002572,0
002573,1
002574,1
002575,8
002576,6
002577,7
002578,9
002579,14
002580,2
002581,8
002582,10
002583,9
002584,7
002585,5
002586,6
002587,4
002588,4
002589,4
002590,4
002591,3
002592,1
002593,4
002594,0
002595,2
002596,2
002597,0
002598,0
002599,4
002600,0
002601,4
002602,7
002603,4
002604,7
002605,6
002606,5
002607,3
002608,13
002609,11
002610,7
002611,5
002612,3
002613,6
002614,1
002615,3
002616,3
002617,1
002618,1
002619,1
002620,0
002621,2
002622,1
002623,0
002624,3
002625,1
002626,7
002627,2
002628,3
002629,3
002630,1
002631,2
002632,7
002633,5
002634,3
002635,2
002636,3
002637,3
002638,5
002639,4
002640,2
002641,0
002642,0
002643,1
002644,1
002645,0
002646,1
002647,2
002648,0
002649,4
002650,2
002651,6
002652,3
002653,4
002654,8
002655,2
002656,2
002657,5
002658,13
002659,10
002660,7
002661,8
002662,16
002663,5
002664,4
002665,6
002666,1
002667,0
002668,3
002669,0
002670,0
002671,1
002672,3
002673,7
002674,10
002675,14
002676,8
002677,9
002678,8
002679,7
002680,7
002681,9
002682,4
002683,6
002684,6
002685,7
002686,7
002687,6
002688,4
002689,3
002690,1
002691,4
002692,3
002693,0
002694,0
002695,2
002696,4
002697,5
002698,11
002699,12
002700,10
002701,11
002702,11
002703,4
002704,13
002705,16
002706,19
002707,11
002708,11
002709,10
002710,5
002711,6
002712,6
002713,4
002714,4
002715,2
002716,0
002717,2
002718,0
002719,2
002720,4
002721,4
002722,7
002723,16
002724,8
002725,10
002726,10
002727,7
002728,14
002729,3
002730,3
002731,8
002732,8
002733,6
002734,3
002735,7
002736,7
002737,1
002738,1
002739,2
002740,2
002741,2
002742,1
002743,0
002744,1
002745,3
002746,4
002747,2
002748,10
002749,7
002750,17
002751,6
002752,7
002753,7
002754,2
002755,2
002756,5
002757,1
002758,0
002759,6
002760,7
002761,1
002762,1
002763,3
002764,0
002765,1
002766,0
002767,0
002768,4
002769,3
002770,9
002771,22
002772,8
002773,4
002774,6
002775,4
002776,11
002777,5
002778,6
002779,7
002780,3
002781,5
002782,5
002783,2
002784,5
002785,4
002786,0
002787,1
002788,1
002789,2
002790,1
002791,2
002792,1
002793,1
002794,6
002795,4
002796,6
002797,7
002798,8
002799,1
002800,7
002801,3
002802,7
002803,2
002804,3
002805,2
002806,3
002807,2
002808,4
002809,0
002810,2
002811,1
002812,1
002813,0
002814,0
002815,0
002816,2
002817,4
002818,4
002819,3
002820,4
002821,1
002822,4
002823,1
002824,5
002825,2
002826,5
002827,4
002828,2
002829,3
002830,1
002831,1
002832,3
002833,3
002834,3
002835,1
002836,0
002837,1
002838,0
002839,2
002840,2
002841,7
002842,12
002843,23
002844,3
002845,8
002846,6
002847,9
002848,5
002849,4
002850,3
002851,3
002852,7
002853,3
002854,6
002855,2
002856,2
002857,2
002858,2
002859,1
002860,0
002861,3
002862,0
002863,1
002864,1
002865,5
002866,10
002867,2
002868,8
002869,6
002870,7
002871,6
002872,7
002873,4
002874,5
002875,11
002876,3
002877,9
002878,7
002879,4
002880,1
002881,1
002882,4
002883,2
002884,1
002885,2
002886,0
002887,2
002888,1
002889,5
002890,6
002891,4
002892,9
002893,7
002894,14
002895,4
002896,6
002897,3
002898,5
002899,10
002900,4
002901,3
002902,8
002903,1
002904,2
002905,3
002906,1
002907,1
002908,1
002909,0
002910,0
002911,0
002912,3
002913,4
002914,4
002915,4
002916,4
002917,4
002918,5
002919,4
002920,7
002921,3
002922,5
002923,3
002924,4
002925,2
002926,2
002927,0
002928,0
002929,5
002930,1
002931,0
002932,1
002933,1
002934,0
002935,3
002936,2
002937,1
002938,7
002939,6
002940,7
002941,2
002942,4
002943,7
002944,7
002945,5
002946,7
002947,7
002948,4
002949,4
002950,1
002951,2
002952,1
002953,0
002954,1
002955,3
002956,0
002957,0
002958,2
002959,0
002960,4
002961,1
002962,0
002963,5
002964,4
002965,3
002966,7
002967,4
002968,5
002969,10
002970,4
002971,1
002972,3
002973,2
002974,4
002975,3
002976,1
002977,3
002978,6
002979,0
002980,2
002981,1
002982,1
002983,0
002984,3
002985,2
002986,7
002987,0
002988,4
002989,1
002990,2
002991,5
002992,4
002993,8
002994,2
002995,1
002996,2
002997,2
002998,3
002999,0
003000,5
003001,1
003002,0
003003,2
003004,4
003005,0
003006,4
003007,4
003008,3
003009,7
003010,4
003011,8
003012,4
003013,5
003014,6
003015,3
003016,8
003017,0
003018,4
003019,3
003020,8
003021,2
003022,5
003023,5
003024,5
003025,3
003026,0
003027,3
003028,3
003029,2
003030,2
003031,1
003032,2
003033,4
003034,12
003035,3
003036,20
003037,28
003038,23
003039,13
003040,12
003041,12
003042,4
003043,5
003044,3
003045,5
003046,5
003047,6
003048,1
003049,2
003050,4
003051,5
003052,1
003053,2
003054,3
003055,1
003056,3
003057,4
003058,9
003059,9
003060,5
003061,5
003062,10
003063,9
003064,7
003065,4
003066,4
003067,2
003068,4
003069,3
003070,4
003071,6
003072,9
003073,3
003074,0
003075,3
003076,1
003077,2
003078,1
003079,1
003080,2
003081,6
003082,6
003083,9
003084,6
003085,2
003086,5
003087,9
003088,8
003089,7
003090,0
003091,4
003092,1
003093,4
003094,2
003095,4
003096,2
003097,2
003098,1
003099,1
003100,0
003101,0
003102,0
003103,0
003104,2
003105,3
003106,2
003107,6
003108,7
003109,7
003110,2
003111,4
003112,3
003113,1
003114,1
003115,2
003116,6
003117,3
003118,1
003119,1
003120,2
003121,0
003122,2
003123,0
003124,0
003125,0
003126,0
003127,1
003128,0
003129,0
003130,6
003131,0
003132,4
003133,3
003134,3
003135,1
003136,5
003137,7
003138,4
003139,3
003140,2
003141,4
003142,5
003143,2
003144,3
003145,4
003146,2
003147,1
003148,1
003149,0
003150,2
003151,1
003152,2
003153,2
003154,3
003155,2
003156,1
003157,0
003158,3
003159,3
003160,4
003161,3
003162,6
003163,3
003164,2
003165,2
003166,4
003167,2
003168,3
003169,1
003170,2
003171,1
003172,1
003173,1
003174,1
003175,2
003176,3
003177,6
003178,5
003179,5
003180,4
003181,4
003182,5
003183,9
003184,5
003185,4
003186,6
003187,7
003188,4
003189,3
003190,4
003191,2
003192,4
003193,4
003194,2
003195,0
003196,1
003197,1
003198,0
003199,1
003200,3
003201,7
003202,5
003203,9
003204,5
003205,2
003206,5
003207,6
003208,11
003209,12
003210,6
003211,7
003212,6
003213,5
003214,7
003215,4
003216,3
003217,1
003218,1
003219,3
003220,1
003221,2
003222,0
003223,5
003224,3
003225,7
003226,15
003227,7
003228,6
003229,7
003230,7
003231,9
003232,9
003233,9
003234,6
003235,4
003236,5
003237,5
003238,4
003239,5
003240,2
003241,2
003242,4
003243,0
003244,0
003245,1
003246,0
003247,3
003248,1
003249,7
003250,2
003251,6
003252,6
003253,5
003254,5
003255,7
003256,5
003257,4
003258,4
003259,6
003260,4
003261,6
003262,5
003263,2
003264,6
003265,2
003266,0
003267,3
003268,1
003269,0
003270,0
003271,1
003272,2
003273,6
003274,4
003275,6
003276,9
003277,10
003278,9
003279,6
003280,3
003281,11
003282,2
003283,3
003284,1
003285,2
003286,7
003287,0
003288,1
003289,5
003290,0
003291,3
003292,1
003293,1
003294,1
003295,1
003296,1
003297,0
003298,1
003299,1
003300,4
003301,1
003302,1
003303,8
003304,4
003305,4
003306,1
003307,7
003308,2
003309,4
003310,3
003311,0
003312,5
003313,1
003314,3
003315,1
003316,1
003317,2
003318,1
003319,0
003320,3
003321,2
003322,3
003323,8
003324,4
003325,6
003326,6
003327,4
003328,1
003329,7
003330,1
003331,3
003332,4
003333,6
003334,3
003335,4
003336,1
003337,2
003338,0
003339,0
003340,2
003341,1
003342,1
003343,0
003344,3
003345,2
003346,1
003347,8
003348,5
003349,3
003350,1
003351,3
003352,11
003353,5
003354,2
003355,6
003356,7
003357,4
003358,4
003359,6
003360,0
003361,5
003362,0
003363,3
003364,1
003365,0
003366,3
003367,2
003368,2
003369,3
003370,8
003371,6
003372,13
003373,5
003374,13
003375,4
003376,14
003377,6
003378,4
003379,5
003380,3
003381,7
003382,7
003383,6
003384,2
003385,2
003386,3
003387,1
003388,4
003389,4
003390,2
003391,0
003392,2
003393,9
003394,3
003395,5
003396,8
003397,9
003398,8
003399,8
003400,6
003401,6
003402,3
003403,4
003404,3
003405,3
003406,1
003407,2
003408,2
003409,1
003410,0
003411,0
003412,0
003413,0
003414,1
003415,2
003416,2
003417,2
003418,4
003419,1
003420,7
003421,5
003422,5
003423,6
003424,7
003425,5
003426,4
003427,4
003428,3
003429,4
003430,6
003431,5
003432,3
003433,1
003434,3
003435,0
003436,1
003437,2
003438,0
003439,2
003440,1
003441,2
003442,3
003443,5
003444,3
003445,7
003446,4
003447,7
003448,6
003449,0
003450,6
003451,5
003452,1
003453,3
003454,1
003455,0
003456,3
003457,0
003458,0
003459,0
003460,0
003461,0
003462,2
003463,0
003464,0
003465,3
003466,1
003467,1
003468,6
003469,2
003470,2
003471,2
003472,3
003473,4
003474,3
003475,2
003476,2
003477,3
003478,1
003479,3
003480,1
003481,3
003482,0
003483,0
003484,1
003485,0
003486,2
003487,1
003488,2
003489,2
003490,3
003491,4
003492,2
003493,2
003494,1
003495,3
003496,5
003497,5
003498,5
003499,2
003500,4
003501,2
003502,2
003503,3
003504,3
003505,2
003506,3
003507,3
003508,0
003509,0
003510,0
003511,0
003512,3
003513,1
003514,9
003515,4
003516,7
003517,3
003518,7
003519,5
003520,4
003521,8
003522,4
003523,2
003524,7
003525,8
003526,3
003527,2
003528,3
003529,1
003530,1
003531,5
003532,0
003533,0
003534,2
003535,3
003536,2
003537,5
003538,6
003539,3
003540,6
003541,5
003542,5
003543,7
003544,6
003545,2
003546,8
003547,5
003548,3
003549,2
003550,9
003551,1
003552,3
003553,3
003554,2
003555,2
003556,0
003557,0
003558,5
003559,2
003560,4
003561,3
003562,8
003563,9
003564,4
003565,2
003566,5
003567,6
003568,3
003569,3
003570,4
003571,1
003572,2
003573,9
003574,3
003575,1
003576,1
003577,3
003578,4
003579,1
003580,2
003581,4
003582,0
003583,0
003584,2
003585,3
003586,3
003587,3
003588,4
003589,7
003590,1
003591,3
003592,6
003593,1
003594,6
003595,1
003596,1
003597,8
003598,4
003599,1
003600,3
003601,4
003602,4
003603,2
003604,0
003605,0
003606,0
003607,1
003608,0
003609,2
003610,3
003611,0
003612,3
003613,3
003614,2
003615,7
003616,4
003617,4
003618,4
003619,6
003620,1
003621,7
003622,0
003623,1
003624,3
003625,3
003626,2
003627,2
003628,0
003629,2
003630,1
003631,4
003632,2
003633,2
003634,1
003635,2
003636,0
003637,3
003638,5
003639,3
003640,3
003641,5
003642,0
003643,3
003644,3
003645,2
003646,1
003647,2
003648,1
003649,0
003650,1
003651,1
003652,1
003653,2
003654,1
003655,0
003656,0
003657,0
003658,1
003659,2
003660,2
003661,2
003662,0
003663,2
003664,2
003665,3
003666,3
003667,1
003668,3
003669,2
003670,1
003671,3
003672,2
003673,0
003674,1
003675,1
003676,2
003677,1
003678,0
003679,3
003680,1
003681,4
003682,3
003683,6
003684,5
003685,7
003686,4
003687,8
003688,5
003689,3
003690,5
003691,2
003692,2
003693,2
003694,3
003695,1
003696,4
003697,2
003698,1
003699,2
003700,1
003701,1
003702,2
003703,1
003704,7
003705,1
003706,4
003707,2
003708,2
003709,3
003710,3
003711,4
003712,4
003713,2
003714,6
003715,4
003716,3
003717,2
003718,1
003719,2
003720,2
003721,1
003722,1
003723,2
003724,0
003725,5
003726,1
003727,0
003728,4
003729,2
003730,4
003731,10
003732,5
003733,3
003734,10
003735,9
003736,11
003737,4
003738,11
003739,0
003740,3
003741,6
003742,4
003743,2
003744,0
003745,2
003746,1
003747,2
003748,1
003749,1
003750,0
003751,3
003752,0
003753,2
003754,8
003755,7
003756,5
003757,6
003758,2
003759,4
003760,6
003761,5
003762,7
003763,3
003764,3
003765,4
003766,7
003767,2
003768,1
003769,1
003770,4
003771,1
003772,0
003773,3
003774,1
003775,2
003776,4
003777,3
003778,5
003779,3
003780,4
003781,1
003782,2
003783,7
003784,2
003785,4
003786,4
003787,5
003788,2
003789,8
003790,2
003791,3
003792,2
003793,1
003794,1
003795,0
003796,0
003797,0
003798,1
003799,0
003800,0
003801,1
003802,2
003803,2
003804,3
003805,4
003806,2
003807,4
003808,1
003809,3
003810,3
003811,4
003812,2
003813,1
003814,1
003815,0
003816,1
003817,2
003818,2
003819,1
003820,0
003821,0
003822,2
003823,2
003824,1
003825,1
003826,1
003827,0
003828,0
003829,5
003830,2
003831,0
003832,4
003833,5
003834,1
003835,2
003836,3
003837,4
003838,4
003839,2
003840,1
003841,2
003842,2
003843,4
003844,0
003845,1
003846,1
003847,0
003848,3
003849,3
003850,4
003851,5
003852,6
003853,4
003854,6
003855,7
003856,7
003857,5
003858,2
003859,2
003860,2
003861,2
003862,5
003863,2
003864,3
003865,3
003866,0
003867,2
003868,1
003869,1
003870,1
003871,2
003872,0
003873,6
003874,2
003875,7
003876,0
003877,5
003878,6
003879,7
003880,6
003881,4
003882,1
003883,3
003884,8
003885,4
003886,1
003887,4
003888,2
003889,3
003890,1
003891,2
003892,0
003893,1
003894,1
003895,1
003896,2
003897,3
003898,4
003899,5
003900,5
003901,2
003902,7
003903,4
003904,8
003905,5
003906,4
003907,2
003908,4
003909,3
003910,7
003911,5
003912,2
003913,2
003914,0
003915,1
003916,1
003917,0
003918,1
003919,2
003920,1
003921,5
003922,4
003923,3
003924,7
003925,3
003926,1
003927,8
003928,7
003929,7
003930,9
003931,9
003932,4
003933,2
003934,8
003935,2
003936,3
003937,1
003938,1
003939,2
003940,0
003941,0
003942,0
003943,0
003944,1
003945,1
003946,5
003947,6
003948,4
003949,2
003950,4
003951,2
003952,4
003953,2
003954,5
003955,3
003956,6
003957,5
003958,0
003959,0
003960,1
003961,2
003962,1
003963,1
003964,1
003965,1
003966,2
003967,5
003968,2
003969,0
003970,1
003971,2
003972,5
003973,1
003974,4
003975,4
003976,2
003977,2
003978,2
003979,1
003980,5
003981,1
003982,0
003983,2
003984,1
003985,3
003986,1
003987,0
003988,3
003989,0
003990,0
003991,0
003992,1
003993,0
003994,3
003995,2
003996,3
003997,15
003998,18
003999,39
004000,48
004001,35
004002,24
004003,24
004004,15
004005,9
004006,16
004007,15
004008,9
004009,6
004010,2
004011,10
004012,4
004013,3
004014,5
004015,3
004016,12
004017,20
004018,14
004019,14
004020,19
004021,10
004022,21
004023,18
004024,11
004025,11
004026,6
004027,6
004028,10
004029,7
004030,4
004031,8
004032,3
004033,2
004034,3
004035,5
004036,1
004037,0
004038,2
004039,2
004040,4
004041,6
004042,10
004043,12
004044,21
004045,13
004046,9
004047,10
004048,10
004049,10
004050,10
004051,2
004052,10
004053,2
004054,2
004055,3
004056,4
004057,2
004058,1
004059,2
004060,2
004061,2
004062,5
004063,4
004064,2
004065,10
004066,13
004067,6
004068,10
004069,3
004070,8
004071,9
004072,3
004073,9
004074,9
004075,3
004076,0
004077,7
004078,8
004079,6
004080,5
004081,1
004082,3
004083,1
004084,0
004085,4
004086,1
004087,4
004088,5
004089,4
004090,8
004091,4
004092,6
004093,5
004094,7
004095,6
004096,3
004097,4
004098,3
004099,6
004100,7
004101,6
004102,3
004103,4
004104,2
004105,3
004106,2
004107,1
004108,2
004109,0
004110,1
004111,3
004112,4
004113,1
004114,3
004115,3
004116,9
004117,8
004118,8
004119,6
004120,5
004121,2
004122,2
004123,7
004124,2
004125,2
004126,4
004127,0
004128,2
004129,2
004130,2
004131,1
004132,1
004133,1
004134,1
004135,1
004136,2
004137,2
004138,0
004139,1
004140,3
004141,2
004142,4
004143,3
004144,5
004145,4
004146,5
004147,1
004148,4
004149,2
004150,3
004151,5
004152,7
004153,1
004154,1
004155,0
004156,0
004157,0
004158,0
004159,1
004160,2
004161,0
004162,1
004163,3
004164,5
004165,6
004166,3
004167,2
004168,2
004169,2
004170,1
004171,4
004172,4
004173,3
004174,3
004175,1
004176,4
004177,2
004178,0
004179,3
004180,1
004181,1
004182,2
004183,1
004184,3
004185,0
004186,8
004187,6
004188,6
004189,5
004190,3
004191,7
004192,3
004193,3
004194,1
004195,6
004196,1
004197,5
004198,6
004199,3
004200,3
004201,4
004202,1
004203,0
004204,1
004205,5
004206,0
004207,1
004208,5
004209,3
004210,10
004211,8
004212,8
004213,8
004214,1
004215,8
004216,5
004217,8
004218,9
004219,4
004220,5
004221,7
004222,6
004223,6
004224,3
004225,5
004226,1
004227,2
004228,2
004229,1
004230,2
004231,2
004232,4
004233,4
004234,7
004235,11
004236,7
004237,13
004238,10
004239,12
004240,5
004241,5
004242,1
004243,2
004244,3
004245,4
004246,5
004247,2
004248,3
004249,1
004250,3
004251,1
004252,0
004253,2
004254,3
004255,2
004256,1
004257,8
004258,13
004259,4
004260,17
004261,3
004262,13
004263,10
004264,8
004265,5
004266,9
004267,1
004268,4
004269,1
004270,4
004271,2
004272,2
004273,2
004274,1
004275,1
004276,2
004277,1
004278,1
004279,1
004280,3
004281,1
004282,6
004283,8
004284,7
004285,5
004286,5
004287,2
004288,9
004289,6
004290,2
004291,4
004292,1
004293,4
004294,1
004295,5
004296,1
004297,5
004298,4
004299,2
004300,1
004301,1
004302,2
004303,0
004304,3
004305,3
004306,3
004307,3
004308,1
004309,2
004310,2
004311,1
004312,3
004313,6
004314,45
004315,22
004316,12
004317,13
004318,5
004319,5
004320,4
004321,1
004322,5
004323,5
004324,5
004325,1
004326,2
004327,1
004328,3
004329,8
004330,9
004331,5
004332,4
004333,5
004334,8
004335,6
004336,5
004337,9
004338,10
004339,8
004340,6
004341,9
004342,5
004343,8
004344,3
004345,1
004346,2
004347,1
004348,1
004349,2
004350,0
004351,2
004352,3
004353,8
004354,15
004355,6
004356,9
004357,7
004358,7
004359,4
004360,7
004361,3
004362,10
004363,3
004364,3
004365,10
004366,4
004367,3
004368,4
004369,3
004370,1
004371,2
004372,1
004373,0
004374,1
004375,3
004376,4
004377,6
004378,4
004379,7
004380,23
004381,9
004382,19
004383,20
004384,21
004385,6
004386,8
004387,7
004388,2
004389,5
004390,12
004391,3
004392,3
004393,2
004394,1
004395,0
004396,1
004397,0
004398,0
004399,2
004400,2
004401,9
004402,10
004403,12
004404,11
004405,6
004406,6
004407,13
004408,8
004409,12
004410,7
004411,3
004412,8
004413,5
004414,3
004415,4
004416,4
004417,3
004418,2
004419,1
004420,1
004421,1
004422,0
004423,1
004424,6
004425,9
004426,9
004427,12
004428,7
004429,12
004430,7
004431,5
004432,11
004433,6
004434,8
004435,6
004436,8
004437,13
004438,5
004439,11
004440,4
004441,6
004442,0
004443,1
004444,1
004445,1
004446,2
004447,0
004448,3
004449,4
004450,8
004451,12
004452,9
004453,6
004454,10
004455,7
004456,8
004457,8
004458,7
004459,5
004460,3
004461,3
004462,2
004463,4
004464,3
004465,1
004466,6
004467,1
004468,0
004469,1
004470,1
004471,0
004472,3
004473,6
004474,5
004475,4
004476,3
004477,9
004478,9
004479,6
004480,4
004481,5
004482,0
004483,4
004484,5
004485,3
004486,1
004487,3
004488,2
004489,2
004490,2
004491,1
004492,3
004493,0
004494,1
004495,0
004496,1
004497,3
004498,2
004499,4
004500,4
004501,6
004502,4
004503,3
004504,1
004505,3
004506,3
004507,4
004508,2
004509,2
004510,2
004511,4
004512,1
004513,3
004514,0
004515,2
004516,1
004517,2
004518,0
004519,3
004520,2
004521,8
004522,10
004523,9
004524,11
004525,9
004526,6
004527,12
004528,8
004529,6
004530,2
004531,5
004532,7
004533,7
004534,4
004535,5
004536,5
004537,2
004538,1
004539,1
004540,1
004541,1
004542,0
004543,2
004544,3
004545,1
004546,7
004547,7
004548,11
004549,8
004550,0
004551,6
004552,8
004553,9
004554,5
004555,5
004556,3
004557,4
004558,8
004559,5
004560,2
004561,2
004562,2
004563,2
004564,3
004565,0
004566,3
004567,1
004568,3
004569,2
004570,6
004571,6
004572,6
004573,4
004574,3
004575,11
004576,6
004577,8
004578,9
004579,7
004580,4
004581,6
004582,6
004583,6
004584,6
004585,1
004586,3
004587,2
004588,3
004589,1
004590,1
004591,1
004592,2
004593,6
004594,4
004595,6
004596,8
004597,8
004598,8
004599,6
004600,6
004601,16
004602,10
004603,3
004604,6
004605,2
004606,6
004607,10
004608,5
004609,3
004610,1
004611,1
004612,0
004613,1
004614,1
004615,0
004616,5
004617,8
004618,5
004619,8
004620,7
004621,7
004622,3
004623,9
004624,6
004625,12
004626,5
004627,3
004628,6
004629,8
004630,2
004631,3
004632,1
004633,1
004634,0
004635,0
004636,0
004637,1
004638,2
004639,0
004640,0
004641,4
004642,6
004643,6
004644,4
004645,7
004646,5
004647,5
004648,7
004649,3
004650,4
004651,3
004652,4
004653,3
004654,3
004655,3
004656,2
004657,1
004658,1
004659,0
004660,0
004661,1
004662,0
004663,1
004664,2
004665,2
004666,0
004667,7
004668,3
004669,6
004670,5
004671,3
004672,6
004673,3
004674,3
004675,4
004676,3
004677,4
004678,9
004679,6
004680,4
004681,2
004682,0
004683,3
004684,2
004685,0
004686,2
004687,1
004688,2
004689,8
004690,11
004691,10
004692,7
004693,11
004694,11
004695,10
004696,3
004697,12
004698,4
004699,4
004700,3
004701,4
004702,6
004703,9
004704,7
004705,3
004706,2
004707,0
004708,1
004709,5
004710,1
004711,1
004712,2
004713,7
004714,4
004715,14
004716,12
004717,10
004718,7
004719,6
004720,11
004721,7
004722,3
004723,11
004724,7
004725,5
004726,3
004727,1
004728,1
004729,5
004730,1
004731,2
004732,2
004733,1
004734,2
004735,1
004736,5
004737,4
004738,10
004739,6
004740,9
004741,5
004742,13
004743,4
004744,6
004745,8
004746,8
004747,4
004748,5
004749,4
004750,7
004751,4
004752,6
004753,3
004754,0
004755,2
004756,1
004757,0
004758,0
004759,3
004760,0
004761,7
004762,8
004763,3
004764,8
004765,10
004766,10
004767,7
004768,6
004769,7
004770,4
004771,6
004772,7
004773,5
004774,7
004775,4
004776,6
004777,3
004778,0
004779,0
004780,1
004781,2
004782,1
004783,1
004784,2
004785,10
004786,6
004787,11
004788,7
004789,11
004790,8
004791,15
004792,5
004793,20
004794,7
004795,4
004796,0
004797,5
004798,4
004799,2
004800,3
004801,2
004802,2
004803,1
004804,0
004805,1
004806,0
004807,1
004808,2
004809,5
004810,5
004811,4
004812,4
004813,6
004814,4
004815,3
004816,3
004817,5
004818,4
004819,2
004820,6
004821,8
004822,5
004823,3
004824,2
004825,3
004826,4
004827,1
004828,2
004829,0
004830,1
004831,0
004832,1
004833,4
004834,6
004835,5
004836,5
004837,6
004838,3
004839,7
004840,4
004841,4
004842,10
004843,7
004844,5
004845,6
004846,9
004847,3
004848,2
004849,2
004850,1
004851,3
004852,0
004853,1
004854,2
004855,1
004856,2
004857,10
004858,19
004859,18
004860,1
004861,2
004862,11
004863,13
004864,10
004865,15
004866,4
004867,9
004868,7
004869,7
004870,2
004871,6
004872,5
004873,2
004874,4
004875,2
004876,1
004877,1
004878,5
004879,2
004880,5
004881,4
004882,5
004883,11
004884,6
004885,14
004886,15
004887,11
004888,14
004889,4
004890,8
004891,3
004892,5
004893,5
004894,10
004895,5
004896,8
004897,7
004898,5
004899,2
004900,2
004901,2
004902,2
004903,4
004904,2
004905,5
004906,10
004907,14
004908,6
004909,10
004910,7
004911,7
004912,7
004913,5
004914,8
004915,3
004916,6
004917,8
004918,11
004919,4
004920,7
004921,2
004922,1
004923,1
004924,1
004925,3
004926,1
004927,1
004928,2
004929,4
004930,13
004931,10
004932,5
004933,6
004934,11
004935,13
004936,9
004937,12
004938,14
004939,8
004940,7
004941,6
004942,14
004943,11
004944,8
004945,2
004946,2
004947,1
004948,0
004949,2
004950,1
004951,7
004952,4
004953,21
004954,19
004955,23
004956,20
004957,21
004958,16
004959,15
004960,22
004961,14
004962,10
004963,11
004964,7
004965,4
004966,8
004967,6
004968,6
004969,2
004970,3
004971,0
004972,0
004973,2
004974,2
004975,1
004976,4
004977,13
004978,7
004979,12
004980,10
004981,8
004982,6
004983,4
004984,7
004985,4
004986,9
004987,9
004988,8
004989,5
004990,2
004991,7
004992,1
004993,2
004994,0
004995,0
004996,0
004997,0
004998,0
004999,0
005000,0
005001,2
005002,6
005003,7
005004,8
005005,8
005006,6
005007,10
005008,6
005009,13
005010,3
005011,5
005012,6
005013,8
005014,6
005015,5
005016,0
005017,1
005018,2
005019,3
005020,1
005021,1
005022,1
005023,3
005024,1
005025,5
005026,6
005027,13
005028,5
005029,8
005030,6
005031,9
005032,13
005033,2
005034,5
005035,4
005036,6
005037,6
005038,4
005039,7
005040,3
005041,5
005042,0
005043,4
005044,4
005045,1
005046,0
005047,1
005048,6
005049,6
005050,6
005051,10
005052,6
005053,4
005054,8
005055,11
005056,12
005057,12
005058,6
005059,6
005060,5
005061,10
005062,6
005063,7
005064,5
005065,3
005066,0
005067,1
005068,2
005069,2
005070,0
005071,1
005072,4
005073,9
005074,8
005075,11
005076,4
005077,8
005078,8
005079,16
005080,7
005081,11
005082,11
005083,6
005084,6
005085,3
005086,5
005087,7
005088,5
005089,4
005090,1
005091,1
005092,1
005093,1
005094,3
005095,1
005096,3
005097,11
005098,9
005099,7
005100,8
005101,5
005102,6
005103,15
005104,6
005105,8
005106,5
005107,4
005108,3
005109,4
005110,5
005111,1
005112,3
005113,0
005114,0
005115,1
005116,1
005117,0
005118,0
005119,2
005120,3
005121,6
005122,4
005123,5
005124,8
005125,9
005126,9
005127,6
005128,10
005129,10
005130,2
005131,5
005132,4
005133,3
005134,0
005135,4
005136,2
005137,1
005138,0
005139,1
005140,0
005141,0
005142,1
005143,1
005144,2
005145,5
005146,1
005147,6
005148,6
005149,3
005150,2
005151,5
005152,4
005153,3
005154,4
005155,2
005156,4
005157,2
005158,3
005159,1
005160,0
005161,3
005162,1
005163,1
005164,0
005165,2
005166,1
005167,0
005168,1
005169,0
005170,4
005171,3
005172,6
005173,5
005174,3
005175,5
005176,3
005177,7
005178,6
005179,7
005180,7
005181,6
005182,4
005183,5
005184,0
005185,1
005186,2
005187,2
005188,2
005189,2
005190,2
005191,3
005192,5
005193,2
005194,6
005195,7
005196,9
005197,5
005198,8
005199,9
005200,13
005201,7
005202,8
005203,1
005204,3
005205,7
005206,4
005207,7
005208,3
005209,4
005210,1
005211,3
005212,3
005213,2
005214,0
005215,2
005216,3
005217,23
005218,20
005219,27
005220,17
005221,20
005222,28
005223,13
005224,13
005225,10
005226,8
005227,8
005228,3
005229,9
005230,8
005231,4
005232,5
005233,3
005234,2
005235,3
005236,0
005237,2
005238,2
005239,5
005240,4
005241,6
005242,10
005243,12
005244,7
005245,6
005246,11
005247,6
005248,8
005249,13
005250,11
005251,7
005252,8
005253,6
005254,11
005255,3
005256,13
005257,3
005258,5
005259,7
005260,1
005261,2
005262,2
005263,1
005264,2
005265,2
005266,12
005267,7
005268,12
005269,16
005270,5
005271,12
005272,1
005273,8
005274,10
005275,5
005276,3
005277,12
005278,7
005279,3
005280,5
005281,3
005282,3
005283,1
005284,1
005285,0
005286,0
005287,2
005288,4
005289,1
005290,15
005291,23
005292,13
005293,8
005294,10
005295,9
005296,16
005297,8
005298,10
005299,4
005300,9
005301,5
005302,9
005303,2
005304,1
005305,3
005306,2
005307,0
005308,1
005309,3
005310,2
005311,1
005312,1
005313,2
005314,7
005315,10
005316,5
005317,6
005318,8
005319,8
005320,13
005321,7
005322,7
005323,11
005324,9
005325,5
005326,5
005327,3
005328,4
005329,0
005330,1
005331,1
005332,2
005333,1
005334,1
005335,1
005336,3
005337,2
005338,4
005339,3
005340,6
005341,4
005342,4
005343,5
005344,8
005345,3
005346,9
005347,2
005348,7
005349,3
005350,1
005351,3
005352,2
005353,0
005354,2
005355,1
005356,2
005357,1
005358,2
005359,0
005360,4
005361,2
005362,4
005363,4
005364,4
005365,5
005366,3
005367,6
005368,10
005369,2
005370,4
005371,4
005372,7
005373,4
005374,6
005375,9
005376,6
005377,4
005378,2
005379,1
005380,2
005381,0
005382,1
005383,1
005384,5
005385,4
005386,9
005387,9
005388,5
005389,8
005390,13
005391,7
005392,5
005393,9
005394,7
005395,7
005396,6
005397,7
005398,5
005399,6
005400,7
005401,4
005402,3
005403,2
005404,3
005405,0
005406,1
005407,1
005408,4
005409,7
005410,5
005411,11
005412,7
005413,5
005414,10
005415,12
005416,5
005417,3
005418,2
005419,7
005420,2
005421,1
005422,0
005423,0
005424,0
005425,0
005426,0
005427,0
005428,0
005429,1
005430,0
005431,0
005432,0
005433,5
005434,3
005435,4
005436,6
005437,8
005438,3
005439,7
005440,5
005441,5
005442,6
005443,13
005444,7
005445,5
005446,7
005447,2
005448,2
005449,3
005450,0
005451,0
005452,2
005453,0
005454,1
005455,2
005456,3
005457,5
005458,4
005459,8
005460,7
005461,5
005462,6
005463,7
005464,6
005465,3
005466,3
005467,1
005468,3
005469,6
005470,3
005471,2
005472,3
005473,3
005474,1
005475,1
005476,0
005477,1
005478,0
005479,0
005480,3
005481,1
005482,3
005483,5
005484,3
005485,4
005486,2
005487,5
005488,2
005489,0
005490,6
005491,5
005492,6
005493,2
005494,7
005495,0
005496,6
005497,4
005498,1
005499,2
005500,1
005501,1
005502,0
005503,1
005504,1
005505,2
005506,7
005507,4
005508,4
005509,2
005510,7
005511,2
005512,3
005513,4
005514,6
005515,3
005516,4
005517,3
005518,6
005519,3
005520,0
005521,1
005522,0
005523,0
005524,2
005525,0
005526,1
005527,0
005528,7
005529,4
005530,10
005531,5
005532,4
005533,7
005534,7
005535,7
005536,11
005537,8
005538,9
005539,9
005540,8
005541,5
005542,8
005543,4
005544,5
005545,3
005546,2
005547,3
005548,3
005549,3
005550,1
005551,1
005552,1
005553,2
005554,4
005555,8
005556,6
005557,7
005558,4
005559,6
005560,6
005561,3
005562,6
005563,9
005564,8
005565,4
005566,2
005567,9
005568,6
005569,2
005570,3
005571,0
005572,3
005573,1
005574,3
005575,2
005576,0
005577,1
005578,5
005579,5
005580,4
005581,6
005582,2
005583,1
005584,5
005585,4
005586,2
005587,6
005588,3
005589,4
005590,1
005591,3
005592,1
005593,4
005594,3
005595,1
005596,0
005597,3
005598,0
005599,3
005600,4
005601,3
005602,5
005603,3
005604,2
005605,6
005606,4
005607,8
005608,12
005609,6
005610,4
005611,4
005612,4
005613,6
005614,4
005615,0
005616,2
005617,1
005618,1
005619,3
005620,2
005621,2
005622,0
005623,0
005624,3
005625,5
005626,6
005627,5
005628,4
005629,3
005630,5
005631,3
005632,4
005633,10
005634,1
005635,1
005636,3
005637,2
005638,3
005639,2
005640,3
005641,1
005642,2
005643,3
005644,2
005645,0
005646,0
005647,1
005648,3
005649,1
005650,2
005651,4
005652,7
005653,8
005654,1
005655,2
005656,2
005657,2
005658,3
005659,3
005660,4
005661,2
005662,2
005663,0
005664,1
005665,3
005666,3
005667,0
005668,0
005669,0
005670,0
005671,0
005672,0
005673,0
005674,0
005675,3
005676,5
005677,5
005678,3
005679,3
005680,5
005681,2
005682,3
005683,4
005684,2
005685,3
005686,5
005687,4
005688,2
005689,0
005690,1
005691,1
005692,2
005693,1
005694,4
005695,3
005696,1
005697,1
005698,3
005699,5
005700,6
005701,4
005702,8
005703,6
005704,11
005705,2
005706,7
005707,6
005708,4
005709,5
005710,1
005711,2
005712,3
005713,2
005714,3
005715,1
005716,0
005717,0
005718,1
005719,2
005720,3
005721,4
005722,8
005723,6
005724,9
005725,1
005726,12
005727,9
005728,7
005729,8
005730,5
005731,5
005732,2
005733,6
005734,7
005735,4
005736,5
005737,3
005738,3
005739,0
005740,0
005741,0
005742,4
005743,0
005744,2
005745,5
005746,7
005747,5
005748,2
005749,13
005750,6
005751,7
005752,7
005753,11
005754,3
005755,5
005756,7
005757,4
005758,5
005759,1
005760,1
005761,2
005762,1
005763,1
005764,1
005765,1
005766,3
005767,2
005768,6
005769,5
005770,1
005771,14
005772,6
005773,6
005774,10
005775,6
005776,5
005777,5
005778,4
005779,8
005780,4
005781,4
005782,4
005783,2
005784,2
005785,0
005786,3
005787,3
005788,0
005789,1
005790,0
005791,0
005792,2
005793,7
005794,6
005795,7
005796,7
005797,3
005798,5
005799,6
005800,7
005801,7
005802,7
005803,3
005804,4
005805,5
005806,5
005807,3
005808,0
005809,0
005810,1
005811,1
005812,1
005813,0
005814,0
005815,0
005816,1
005817,3
005818,3
005819,3
005820,5
005821,2
005822,1
005823,6
005824,3
005825,4
005826,3
005827,1
005828,4
005829,2
005830,2
005831,3
005832,1
005833,3
005834,0
005835,1
005836,0
005837,1
005838,1
005839,2
005840,1
005841,4
005842,1
005843,6
005844,18
005845,37
005846,24
005847,12
005848,13
005849,13
005850,8
005851,7
005852,9
005853,14
005854,9
005855,8
005856,8
005857,5
005858,6
005859,1
005860,0
005861,1
005862,0
005863,3
005864,3
005865,11
005866,10
005867,10
005868,9
005869,4
005870,9
005871,9
005872,10
005873,4
005874,10
005875,6
005876,5
005877,13
005878,7
005879,1
005880,4
005881,0
005882,3
005883,0
005884,0
005885,0
005886,0
005887,7
005888,4
005889,5
005890,10
005891,7
005892,3
005893,7
005894,11
005895,3
005896,4
005897,7
005898,3
005899,6
005900,6
005901,10
005902,11
005903,6
005904,5
005905,1
005906,1
005907,2
005908,1
005909,2
005910,1
005911,0
005912,4
005913,5
005914,5
005915,11
005916,6
005917,6
005918,7
005919,18
005920,18
005921,4
005922,4
005923,8
005924,6
005925,10
005926,7
005927,2
005928,4
005929,2
005930,1
005931,0
005932,1
005933,3
005934,0
005935,1
005936,2
005937,7
005938,8
005939,8
005940,6
005941,11
005942,6
005943,9
005944,11
005945,5
005946,3
005947,9
005948,5
005949,10
005950,5
005951,4
005952,3
005953,0
005954,0
005955,1
005956,0
005957,0
005958,0
005959,1
005960,3
005961,8
005962,2
005963,7
005964,2
005965,9
005966,7
005967,6
005968,7
005969,5
005970,8
005971,0
005972,7
005973,4
005974,2
005975,3
005976,4
005977,3
005978,3
005979,1
005980,2
005981,1
005982,1
005983,0
005984,2
005985,3
005986,4
005987,7
005988,4
005989,10
005990,4
005991,2
005992,2
005993,2
005994,8
005995,6
005996,4
005997,1
005998,3
005999,7
006000,2
006001,2
006002,4
006003,4
006004,0
006005,3
006006,0
006007,0
006008,3
006009,1
006010,5
006011,3
006012,3
006013,3
006014,6
006015,5
006016,7
006017,4
006018,5
006019,2
006020,5
006021,5
006022,2
006023,3
006024,3
006025,1
006026,0
006027,1
006028,1
006029,0
006030,0
006031,0
006032,6
006033,4
006034,5
006035,13
006036,21
006037,12
006038,13
006039,15
006040,12
006041,7
006042,8
006043,14
006044,7
006045,7
006046,5
006047,4
006048,5
006049,1
006050,2
006051,1
006052,0
006053,1
006054,0
006055,1
006056,2
006057,4
006058,7
006059,7
006060,8
006061,6
006062,4
006063,7
006064,4
006065,8
006066,11
006067,11
006068,5
006069,5
006070,8
006071,5
006072,6
006073,0
006074,2
006075,2
006076,1
006077,1
006078,0
006079,1
006080,7
006081,8
006082,11
006083,11
006084,13
006085,7
006086,9
006087,9
006088,18
006089,4
006090,9
006091,12
006092,9
006093,4
006094,9
006095,7
006096,6
006097,6
006098,0
006099,0
006100,0
006101,0
006102,2
006103,1
006104,2
006105,5
006106,6
006107,7
006108,8
006109,13
006110,13
006111,12
006112,9
006113,8
006114,7
006115,7
006116,2
006117,5
006118,1
006119,4
006120,3
006121,0
006122,2
006123,2
006124,0
006125,1
006126,1
006127,1
006128,5
006129,7
006130,2
006131,5
006132,2
006133,8
006134,5
006135,5
006136,4
006137,8
006138,5
006139,5
006140,4
006141,3
006142,3
006143,5
006144,3
006145,2
006146,1
006147,1
006148,1
006149,1
006150,0
006151,1
006152,3
006153,1
006154,1
006155,6
006156,4
006157,3
006158,4
006159,6
006160,5
006161,2
006162,3
006163,4
006164,3
006165,3
006166,4
006167,1
006168,7
006169,1
006170,0
006171,0
006172,3
006173,0
006174,1
006175,2
006176,2
006177,1
006178,2
006179,1
006180,4
006181,3
006182,6
006183,2
006184,10
006185,4
006186,2
006187,6
006188,4
006189,5
006190,6
006191,3
006192,5
006193,4
006194,2
006195,0
006196,0
006197,5
006198,4
006199,0
006200,3
006201,1
006202,3
006203,5
006204,6
006205,10
006206,8
006207,12
006208,4
006209,4
006210,7
006211,8
006212,12
006213,9
006214,5
006215,5
006216,0
006217,3
006218,1
006219,1
006220,1
006221,0
006222,1
006223,1
006224,4
006225,0
006226,15
006227,11
006228,5
006229,11
006230,12
006231,8
006232,2
006233,6
006234,6
006235,7
006236,5
006237,3
006238,3
006239,5
006240,1
006241,4
006242,0
006243,3
006244,2
006245,1
006246,2
006247,0
006248,3
006249,6
006250,9
006251,6
006252,9
006253,6
006254,7
006255,11
006256,21
006257,9
006258,10
006259,10
006260,4
006261,7
006262,10
006263,4
006264,5
006265,3
006266,2
006267,0
006268,2
006269,1
006270,1
006271,0
006272,7
006273,6
006274,4
006275,13
006276,8
006277,5
006278,16
006279,10
006280,16
006281,11
006282,16
006283,2
006284,2
006285,4
006286,4
006287,1
006288,5
006289,3
006290,2
006291,0
006292,0
006293,1
006294,1
006295,4
006296,2
006297,2
006298,8
006299,3
006300,9
006301,2
006302,8
006303,3
006304,6
006305,5
006306,6
006307,3
006308,7
006309,5
006310,3
006311,4
006312,2
006313,1
006314,0
006315,1
006316,2
006317,1
006318,1
006319,0
006320,6
006321,6
006322,9
006323,5
006324,7
006325,5
006326,7
006327,1
006328,8
006329,1
006330,6
006331,5
006332,5
006333,1
006334,0
006335,6
006336,5
006337,4
006338,0
006339,3
006340,0
006341,0
006342,0
006343,1
006344,3
006345,3
006346,0
006347,2
006348,5
006349,4
006350,4
006351,1
006352,5
006353,2
006354,5
006355,11
006356,2
006357,3
006358,6
006359,3
006360,2
006361,4
006362,1
006363,0
006364,2
006365,0
006366,1
006367,0
006368,5
006369,4
006370,3
006371,8
006372,8
006373,10
006374,6
006375,14
006376,9
006377,4
006378,6
006379,1
006380,5
006381,9
006382,6
006383,5
006384,5
006385,1
006386,3
006387,0
006388,2
006389,3
006390,2
006391,2
006392,2
006393,3
006394,8
006395,7
006396,6
006397,4
006398,8
006399,10
006400,11
006401,9
006402,2
006403,8
006404,4
006405,7
006406,5
006407,2
006408,2
006409,3
006410,1
006411,2
006412,0
006413,3
006414,1
006415,5
006416,4
006417,6
006418,7
006419,11
006420,5
006421,3
006422,5
006423,6
006424,7
006425,10
006426,9
006427,8
006428,9
006429,10
006430,18
006431,32
006432,13
006433,7
006434,3
006435,1
006436,3
006437,6
006438,3
006439,7
006440,15
006441,16
006442,25
006443,22
006444,15
006445,19
006446,34
006447,17
006448,10
006449,16
006450,13
006451,12
006452,13
006453,12
006454,9
006455,11
006456,6
006457,2
006458,0
006459,2
006460,1
006461,1
006462,3
006463,2
006464,6
006465,4
006466,7
006467,11
006468,5
006469,8
006470,10
006471,6
006472,10
006473,8
006474,11
006475,4
006476,2
006477,6
006478,4
006479,4
006480,6
006481,2
006482,0
006483,1
006484,2
006485,1
006486,0
006487,1
006488,0
006489,4
006490,2
006491,5
006492,4
006493,6
006494,7
006495,7
006496,5
006497,6
006498,3
006499,6
006500,4
006501,3
006502,1
006503,0
006504,6
006505,1
006506,2
006507,0
006508,1
006509,0
006510,0
006511,1
006512,3
006513,1
006514,1
006515,4
006516,8
006517,5
006518,4
006519,7
006520,5
006521,5
006522,4
006523,13
006524,9
006525,5
006526,9
006527,2
006528,4
006529,0
006530,2
006531,0
006532,0
006533,1
006534,1
006535,1
006536,2
006537,2
006538,7
006539,11
006540,10
006541,9
006542,13
006543,17
006544,12
006545,12
006546,10
006547,11
006548,9
006549,15
006550,6
006551,2
006552,5
006553,0
006554,6
006555,2
006556,1
006557,1
006558,3
006559,3
006560,1
006561,8
006562,7
006563,8
006564,14
006565,8
006566,9
006567,9
006568,12
006569,9
006570,9
006571,2
006572,11
006573,6
006574,11
006575,5
006576,2
006577,4
006578,0
006579,1
006580,1
006581,2
006582,2
006583,2
006584,6
006585,9
006586,7
006587,9
006588,10
006589,13
006590,8
006591,7
006592,9
006593,7
006594,11
006595,5
006596,4
006597,3
006598,6
006599,4
006600,4
006601,1
006602,1
006603,0
006604,2
006605,1
006606,0
006607,0
006608,3
006609,10
006610,17
006611,16
006612,14
006613,9
006614,12
006615,7
006616,9
006617,9
006618,15
006619,11
006620,6
006621,2
006622,11
006623,10
006624,7
006625,6
006626,2
006627,2
006628,1
006629,1
006630,2
006631,2
006632,5
006633,10
006634,12
006635,7
006636,5
006637,11
006638,13
006639,8
006640,8
006641,5
006642,7
006643,4
006644,9
006645,5
006646,5
006647,4
006648,6
006649,1
006650,4
006651,1
006652,1
006653,2
006654,1
006655,3
006656,3
006657,4
006658,9
006659,6
006660,6
006661,8
006662,10
006663,6
006664,14
006665,10
006666,17
006667,12
006668,20
006669,7
006670,9
006671,12
006672,8
006673,9
006674,5
006675,3
006676,0
006677,0
006678,1
006679,2
006680,5
006681,8
006682,4
006683,8
006684,17
006685,7
006686,11
006687,12
006688,4
006689,1
006690,8
006691,5
006692,3
006693,6
006694,10
006695,9
006696,5
006697,5
006698,6
006699,1
006700,0
006701,2
006702,1
006703,4
006704,9
006705,8
006706,9
006707,14
006708,10
006709,11
006710,14
006711,15
006712,13
006713,12
006714,11
006715,8
006716,4
006717,8
006718,7
006719,4
006720,11
006721,1
006722,1
006723,2
006724,1
006725,0
006726,1
006727,2
006728,7
006729,7
006730,8
006731,15
006732,10
006733,16
006734,16
006735,8
006736,9
006737,10
006738,14
006739,15
006740,6
006741,6
006742,9
006743,7
006744,4
006745,3
006746,1
006747,3
006748,0
006749,0
006750,1
006751,2
006752,4
006753,4
006754,10
006755,9
006756,7
006757,8
006758,12
006759,8
006760,10
006761,9
006762,17
006763,12
006764,2
006765,5
006766,8
006767,8
006768,7
006769,5
006770,1
006771,0
006772,0
006773,1
006774,2
006775,5
006776,8
006777,7
006778,12
006779,13
006780,13
006781,15
006782,16
006783,6
006784,18
006785,12
006786,11
006787,10
006788,7
006789,9
006790,6
006791,8
006792,5
006793,2
006794,0
006795,1
006796,2
006797,0
006798,1
006799,6
006800,8
006801,11
006802,14
006803,10
006804,20
006805,15
006806,11
006807,10
006808,19
006809,11
006810,11
006811,14
006812,9
006813,18
006814,18
006815,28
006816,11
006817,8
006818,1
006819,3
006820,2
006821,4
006822,1
006823,3
006824,6
006825,6
006826,14
006827,25
006828,27
006829,24
006830,16
006831,18
006832,14
006833,16
006834,14
006835,10
006836,23
006837,22
006838,13
006839,13
006840,8
006841,7
006842,11
006843,2
006844,2
006845,0
006846,3
006847,3
006848,4
006849,3
006850,7
006851,9
006852,9
006853,7
006854,10
006855,10
006856,9
006857,10
006858,6
006859,10
006860,10
006861,10
006862,9
006863,9
006864,6
006865,2
006866,1
006867,0
006868,1
006869,4
006870,3
006871,0
006872,7
006873,9
006874,6
006875,10
006876,7
006877,11
006878,7
006879,6
006880,13
006881,4
006882,8
006883,10
006884,7
006885,16
006886,9
006887,4
006888,1
006889,3
006890,2
006891,2
006892,1
006893,1
006894,3
006895,4
006896,1
006897,3
006898,7
006899,10
006900,11
006901,8
006902,4
006903,9
006904,11
006905,7
006906,11
006907,6
006908,3
006909,7
006910,7
006911,5
006912,5
006913,2
006914,3
006915,1
006916,1
006917,1
006918,0
006919,4
006920,3
006921,5
006922,11
006923,14
006924,13
006925,11
006926,15
006927,6
006928,18
006929,15
006930,10
006931,10
006932,6
006933,8
006934,9
006935,8
006936,1
006937,1
006938,5
006939,1
006940,2
006941,1
006942,3
006943,2
006944,1
006945,6
006946,10
006947,10
006948,10
006949,15
006950,7
006951,12
006952,18
006953,8
006954,11
006955,7
006956,3
006957,4
006958,6
006959,2
006960,7
006961,1
006962,1
006963,1
006964,1
006965,0
006966,0
006967,3
006968,6
006969,7
006970,5
006971,8
006972,9
006973,12
006974,5
006975,7
006976,7
006977,8
006978,4
006979,2
006980,5
006981,3
006982,6
006983,8
006984,4
006985,4
006986,3
006987,1
006988,1
006989,2
006990,1
006991,0
006992,4
006993,4
006994,6
006995,8
006996,5
006997,8
006998,8
006999,6
007000,11
007001,10
007002,6
007003,13
007004,6
007005,2
007006,4
007007,0
007008,1
007009,2
007010,2
007011,0
007012,1
007013,0
007014,1
007015,2
007016,4
007017,5
007018,11
007019,16
007020,10
007021,16
007022,16
007023,12
007024,8
007025,11
007026,6
007027,4
007028,9
007029,8
007030,6
007031,8
007032,2
007033,0
007034,1
007035,2
007036,0
007037,3
007038,0
007039,2
007040,2
007041,4
007042,10
007043,4
007044,6
007045,8
007046,15
007047,8
007048,11
007049,9
007050,4
007051,6
007052,10
007053,3
007054,7
007055,6
007056,7
007057,4
007058,3
007059,2
007060,2
007061,2
007062,4
007063,4
007064,3
007065,8
007066,1
007067,4
007068,6
007069,3
007070,10
007071,12
007072,9
007073,2
007074,2
007075,8
007076,5
007077,8
007078,7
007079,7
007080,4
007081,2
007082,3
007083,0
007084,1
007085,1
007086,0
007087,4
007088,2
007089,10
007090,9
007091,17
007092,10
007093,9
007094,9
007095,6
007096,17
007097,19
007098,18
007099,18
007100,12
007101,6
007102,11
007103,6
007104,4
007105,0
007106,2
007107,2
007108,1
007109,0
007110,2
007111,2
007112,2
007113,7
007114,17
007115,12
007116,3
007117,8
007118,6
007119,8
007120,11
007121,5
007122,4
007123,4
007124,8
007125,6
007126,5
007127,6
007128,3
007129,4
007130,2
007131,2
007132,3
007133,0
007134,2
007135,2
007136,5
007137,1
007138,6
007139,4
007140,4
007141,9
007142,5
007143,5
007144,6
007145,7
007146,8
007147,2
007148,3
007149,7
007150,6
007151,2
007152,3
007153,3
007154,0
007155,1
007156,1
007157,1
007158,1
007159,0
007160,1
007161,2
007162,4
007163,3
007164,6
007165,5
007166,3
007167,6
007168,7
007169,2
007170,3
007171,5
007172,4
007173,5
007174,1
007175,6
007176,3
007177,4
007178,0
007179,2
007180,0
007181,2
007182,1
007183,0
007184,3
007185,2
007186,5
007187,5
007188,4
007189,5
007190,4
007191,5
007192,4
007193,4
007194,8
007195,7
007196,2
007197,8
007198,3
007199,4
007200,2
007201,3
007202,1
007203,0
007204,1
007205,1
007206,1
007207,2
007208,1
007209,4
007210,6
007211,11
007212,7
007213,6
007214,2
007215,5
007216,3
007217,5
007218,3
007219,2
007220,2
007221,7
007222,7
007223,6
007224,1
007225,1
007226,2
007227,4
007228,0
007229,3
007230,2
007231,2
007232,2
007233,5
007234,5
007235,7
007236,1
007237,4
007238,8
007239,6
007240,6
007241,8
007242,7
007243,8
007244,6
007245,6
007246,3
007247,4
007248,4
007249,4
007250,3
007251,1
007252,1
007253,2
007254,2
007255,0
007256,5
007257,3
007258,7
007259,2
007260,5
007261,6
007262,9
007263,9
007264,4
007265,8
007266,12
007267,3
007268,2
007269,3
007270,3
007271,4
007272,0
007273,1
007274,0
007275,1
007276,1
007277,0
007278,2
007279,4
007280,4
007281,7
007282,3
007283,10
007284,6
007285,4
007286,4
007287,42
007288,26
007289,69
007290,76
007291,40
007292,20
007293,31
007294,27
007295,15
007296,10
007297,14
007298,12
007299,4
007300,3
007301,4
007302,3
007303,3
007304,6
007305,20
007306,17
007307,12
007308,10
007309,12
007310,8
007311,17
007312,8
007313,13
007314,7
007315,9
007316,4
007317,9
007318,8
007319,6
007320,5
007321,6
007322,8
007323,2
007324,3
007325,4
007326,3
007327,2
007328,3
007329,5
007330,5
007331,5
007332,8
007333,6
007334,5
007335,7
007336,4
007337,4
007338,4
007339,6
007340,6
007341,3
007342,3
007343,3
007344,2
007345,1
007346,3
007347,0
007348,0
007349,0
007350,0
007351,1
007352,2
007353,3
007354,4
007355,1
007356,3
007357,3
007358,5
007359,7
007360,6
007361,8
007362,3
007363,3
007364,1
007365,9
007366,3
007367,6
007368,8
007369,2
007370,2
007371,4
007372,2
007373,4
007374,0
007375,1
007376,4
007377,6
007378,3
007379,1
007380,2
007381,4
007382,8
007383,7
007384,4
007385,5
007386,5
007387,1
007388,7
007389,5
007390,1
007391,3
007392,4
007393,3
007394,4
007395,1
007396,3
007397,2
007398,2
007399,1
007400,4
007401,4
007402,6
007403,5
007404,7
007405,9
007406,3
007407,5
007408,8
007409,6
007410,9
007411,7
007412,5
007413,6
007414,6
007415,6
007416,2
007417,3
007418,1
007419,1
007420,1
007421,1
007422,0
007423,2
007424,1
007425,5
007426,9
007427,5
007428,5
007429,8
007430,8
007431,4
007432,5
007433,6
007434,6
007435,7
007436,5
007437,4
007438,7
007439,4
007440,2
007441,4
007442,2
007443,1
007444,2
007445,1
007446,0
007447,0
007448,5
007449,5
007450,6
007451,7
007452,7
007453,6
007454,5
007455,3
007456,5
007457,4
007458,5
007459,6
007460,6
007461,4
007462,6
007463,2
007464,4
007465,1
007466,2
007467,0
007468,1
007469,1
007470,1
007471,3
007472,0
007473,4
007474,8
007475,8
007476,7
007477,6
007478,14
007479,4
007480,10
007481,9
007482,4
007483,3
007484,8
007485,3
007486,2
007487,1
007488,3
007489,3
007490,0
007491,2
007492,0
007493,0
007494,2
007495,2
007496,0
007497,4
007498,1
007499,4
007500,5
007501,2
007502,4
007503,3
007504,4
007505,1
007506,6
007507,2
007508,3
007509,3
007510,1
007511,0
007512,0
007513,1
007514,2
007515,0
007516,2
007517,1
007518,1
007519,2
007520,0
007521,0
007522,5
007523,1
007524,4
007525,3
007526,5
007527,4
007528,6
007529,5
007530,3
007531,9
007532,2
007533,6
007534,4
007535,3
007536,3
007537,8
007538,3
007539,4
007540,0
007541,1
007542,1
007543,1
007544,4
007545,3
007546,7
007547,10
007548,8
007549,10
007550,8
007551,9
007552,10
007553,6
007554,5
007555,16
007556,7
007557,13
007558,6
007559,5
007560,2
007561,3
007562,2
007563,3
007564,0
007565,1
007566,1
007567,3
007568,1
007569,8
007570,4
007571,3
007572,15
007573,6
007574,11
007575,6
007576,16
007577,11
007578,5
007579,2
007580,5
007581,4
007582,10
007583,6
007584,5
007585,3
007586,3
007587,0
007588,0
007589,3
007590,1
007591,1
007592,1
007593,5
007594,11
007595,13
007596,12
007597,10
007598,19
007599,17
007600,55
007601,73
007602,56
007603,51
007604,26
007605,19
007606,20
007607,19
007608,10
007609,8
007610,1
007611,8
007612,5
007613,4
007614,5
007615,0
007616,3
007617,5
007618,10
007619,10
007620,16
007621,8
007622,9
007623,13
007624,11
007625,9
007626,7
007627,10
007628,16
007629,8
007630,5
007631,11
007632,5
007633,1
007634,5
007635,5
007636,1
007637,2
007638,1
007639,4
007640,2
007641,10
007642,6
007643,3
007644,9
007645,6
007646,9
007647,16
007648,7
007649,12
007650,5
007651,6
007652,6
007653,8
007654,6
007655,8
007656,3
007657,2
007658,1
007659,3
007660,3
007661,1
007662,0
007663,4
007664,2
007665,3
007666,4
007667,7
007668,9
007669,7
007670,4
007671,5
007672,10
007673,7
007674,6
007675,7
007676,4
007677,7
007678,6
007679,3
007680,4
007681,5
007682,0
007683,1
007684,2
007685,4
007686,2
007687,1
007688,0
007689,2
007690,0
007691,5
007692,6
007693,17
007694,8
007695,3
007696,6
007697,17
007698,24
007699,18
007700,22
007701,9
007702,5
007703,14
007704,3
007705,9
007706,6
007707,2
007708,2
007709,3
007710,3
007711,2
007712,12
007713,14
007714,22
007715,25
007716,17
007717,9
007718,18
007719,17
007720,16
007721,14
007722,7
007723,10
007724,10
007725,8
007726,7
007727,7
007728,9
007729,4
007730,5
007731,2
007732,1
007733,2
007734,0
007735,1
007736,2
007737,7
007738,17
007739,18
007740,11
007741,8
007742,25
007743,29
007744,14
007745,8
007746,12
007747,4
007748,8
007749,29
007750,16
007751,8
007752,5
007753,1
007754,4
007755,1
007756,1
007757,2
007758,3
007759,3
007760,10
007761,8
007762,16
007763,55
007764,38
007765,19
007766,16
007767,20
007768,18
007769,14
007770,10
007771,14
007772,19
007773,15
007774,14
007775,8
007776,10
007777,3
007778,2
007779,1
007780,4
007781,2
007782,2
007783,3
007784,8
007785,18
007786,20
007787,20
007788,14
007789,24
007790,20
007791,14
007792,13
007793,12
007794,11
007795,9
007796,11
007797,7
007798,8
007799,8
007800,5
007801,5
007802,2
007803,2
007804,2
007805,2
007806,2
007807,3
007808,6
007809,11
007810,5
007811,14
007812,17
007813,7
007814,18
007815,18
007816,17
007817,16
007818,11
007819,10
007820,11
007821,11
007822,5
007823,4
007824,7
007825,2
007826,3
007827,1
007828,3
007829,1
007830,2
007831,0
007832,1
007833,2
007834,3
007835,3
007836,19
007837,18
007838,21
007839,23
007840,9
007841,14
007842,12
007843,8
007844,7
007845,8
007846,11
007847,1
007848,8
007849,8
007850,2
007851,2
007852,1
007853,2
007854,0
007855,0
007856,0
007857,5
007858,9
007859,11
007860,10
007861,9
007862,9
007863,5
007864,7
007865,11
007866,14
007867,10
007868,11
007869,16
007870,7
007871,5
007872,6
007873,3
007874,4
007875,4
007876,1
007877,3
007878,2
007879,3
007880,4
007881,8
007882,14
007883,21
007884,16
007885,9
007886,10
007887,9
007888,9
007889,8
007890,10
007891,9
007892,10
007893,6
007894,11
007895,13
007896,7
007897,3
007898,6
007899,3
007900,0
007901,4
007902,1
007903,1
007904,2
007905,3
007906,19
007907,19
007908,11
007909,10
007910,34
007911,38
007912,31
007913,24
007914,15
007915,14
007916,14
007917,10
007918,5
007919,10
007920,4
007921,6
007922,4
007923,4
007924,2
007925,1
007926,2
007927,3
007928,4
007929,10
007930,13
007931,14
007932,12
007933,37
007934,19
007935,17
007936,23
007937,36
007938,19
007939,22
007940,21
007941,8
007942,13
007943,15
007944,5
007945,2
007946,2
007947,2
007948,3
007949,1
007950,2
007951,3
007952,5
007953,7
007954,27
007955,21
007956,18
007957,15
007958,20
007959,15
007960,12
007961,16
007962,17
007963,13
007964,12
007965,9
007966,12
007967,5
007968,5
007969,5
007970,0
007971,4
007972,0
007973,2
007974,4
007975,3
007976,3
007977,7
007978,20
007979,17
007980,16
007981,16
007982,10
007983,10
007984,8
007985,19
007986,14
007987,7
007988,10
007989,14
007990,8
007991,7
007992,5
007993,8
007994,2
007995,2
007996,0
007997,2
007998,1
007999,2
008000,5
008001,13
008002,9
008003,14
008004,11
008005,8
008006,13
008007,7
008008,4
008009,8
008010,13
008011,9
008012,5
008013,6
008014,2
008015,3
008016,5
008017,3
008018,2
008019,5
008020,1
008021,2
008022,2
008023,0
008024,0
008025,6
008026,4
008027,9
008028,11
008029,8
008030,9
008031,7
008032,9
008033,6
008034,13
008035,7
008036,10
008037,4
008038,7
008039,4
008040,4
008041,0
008042,7
008043,1
008044,1
008045,1
008046,1
008047,2
008048,2
008049,8
008050,9
008051,14
008052,8
008053,6
008054,6
008055,13
008056,7
008057,11
008058,8
008059,6
008060,9
008061,5
008062,8
008063,6
008064,4
008065,4
008066,1
008067,1
008068,0
008069,0
008070,2
008071,3
008072,4
008073,6
008074,25
008075,18
008076,15
008077,18
008078,15
008079,13
008080,15
008081,16
008082,7
008083,8
008084,3
008085,12
008086,9
008087,13
008088,13
008089,3
008090,1
008091,3
008092,0
008093,2
008094,1
008095,3
008096,5
008097,11
008098,14
008099,21
008100,12
008101,16
008102,13
008103,18
008104,9
008105,11
008106,8
008107,20
008108,30
008109,26
008110,28
008111,14
008112,8
008113,5
008114,2
008115,2
008116,1
008117,1
008118,0
008119,6
008120,15
008121,20
008122,21
008123,28
008124,21
008125,14
008126,17
008127,18
008128,22
008129,12
008130,9
008131,7
008132,9
008133,1
008134,14
008135,6
008136,3
008137,5
008138,3
008139,4
008140,1
008141,4
008142,2
008143,1
008144,1
008145,8
008146,11
008147,16
008148,9
008149,5
008150,11
008151,9
008152,5
008153,9
008154,5
008155,10
008156,9
008157,4
008158,6
008159,3
008160,2
008161,3
008162,1
008163,3
008164,0
008165,1
008166,3
008167,1
008168,2
008169,3
008170,5
008171,6
008172,12
008173,6
008174,11
008175,7
008176,11
008177,6
008178,7
008179,6
008180,5
008181,6
008182,7
008183,3
008184,2
008185,1
008186,0
008187,2
008188,0
008189,1
008190,1
008191,1
008192,0
008193,4
008194,4
008195,6
008196,5
008197,7
008198,6
008199,5
008200,6
008201,6
008202,8
008203,6
008204,8
008205,8
008206,9
008207,4
008208,5
008209,4
008210,2
008211,1
008212,2
008213,3
008214,4
008215,4
008216,3
008217,6
008218,11
008219,21
008220,11
008221,4
008222,12
008223,11
008224,11
008225,6
008226,11
008227,8
008228,9
008229,7
008230,6
008231,2
008232,3
008233,3
008234,1
008235,0
008236,0
008237,2
008238,2
008239,3
008240,4
008241,4
008242,9
008243,8
008244,8
008245,10
008246,12
008247,15
008248,14
008249,17
008250,8
008251,10
008252,12
008253,9
008254,13
008255,9
008256,3
008257,2
008258,2
008259,3
008260,3
008261,5
008262,1
008263,0
008264,8
008265,6
008266,8
008267,13
008268,13
008269,13
008270,12
008271,15
008272,12
008273,15
008274,9
008275,9
008276,6
008277,13
008278,9
008279,5
008280,5
008281,2
008282,0
008283,2
008284,1
008285,3
008286,1
008287,1
008288,5
008289,10
008290,5
008291,8
008292,7
008293,10
008294,12
008295,11
008296,17
008297,5
008298,3
008299,11
008300,10
008301,9
008302,5
008303,5
008304,3
008305,4
008306,3
008307,0
008308,3
008309,4
008310,1
008311,2
008312,5
008313,5
008314,11
008315,6
008316,9
008317,13
008318,13
008319,14
008320,6
008321,11
008322,7
008323,4
008324,6
008325,4
008326,9
008327,1
008328,3
008329,1
008330,2
008331,2
008332,1
008333,2
008334,1
008335,3
008336,1
008337,7
008338,2
008339,7
008340,9
008341,6
008342,9
008343,5
008344,11
008345,3
008346,4
008347,5
008348,2
008349,1
008350,4
008351,4
008352,4
008353,1
008354,0
008355,1
008356,1
008357,1
008358,0
008359,2
008360,1
008361,3
008362,1
008363,5
008364,4
008365,10
008366,8
008367,5
008368,4
008369,2
008370,6
008371,10
008372,5
008373,12
008374,11
008375,10
008376,5
008377,2
008378,2
008379,1
008380,2
008381,0
008382,3
008383,5
008384,6
008385,9
008386,10
008387,14
008388,12
008389,12
008390,6
008391,11
008392,9
008393,9
008394,8
008395,10
008396,9
008397,10
008398,8
008399,9
008400,5
008401,6
008402,3
008403,4
008404,1
008405,1
008406,0
008407,0
008408,5
008409,11
008410,15
008411,16
008412,8
008413,17
008414,16
008415,8
008416,8
008417,15
008418,13
008419,10
008420,7
008421,9
008422,8
008423,8
008424,3
008425,2
008426,0
008427,2
008428,2
008429,0
008430,0
008431,1
008432,5
008433,5
008434,10
008435,9
008436,10
008437,16
008438,8
008439,16
008440,17
008441,8
008442,8
008443,5
008444,8
008445,12
008446,6
008447,4
008448,4
008449,6
008450,3
008451,1
008452,0
008453,1
008454,0
008455,1
008456,8
008457,12
008458,11
008459,23
008460,11
008461,23
008462,26
008463,28
008464,19
008465,26
008466,14
008467,15
008468,16
008469,13
008470,14
008471,14
008472,6
008473,5
008474,3
008475,1
008476,1
008477,0
008478,2
008479,0
008480,7
008481,11
008482,12
008483,11
008484,11
008485,13
008486,13
008487,8
008488,10
008489,5
008490,3
008491,11
008492,6
008493,4
008494,4
008495,6
008496,4
008497,0
008498,1
008499,0
008500,2
008501,0
008502,0
008503,2
008504,1
008505,7
008506,5
008507,7
008508,12
008509,6
008510,6
008511,4
008512,11
008513,8
008514,6
008515,9
008516,4
008517,2
008518,8
008519,5
008520,5
008521,5
008522,5
008523,2
008524,1
008525,0
008526,1
008527,1
008528,2
008529,5
008530,4
008531,5
008532,6
008533,9
008534,7
008535,6
008536,9
008537,5
008538,7
008539,11
008540,3
008541,6
008542,9
008543,8
008544,7
008545,2
008546,2
008547,2
008548,2
008549,0
008550,1
008551,5
008552,4
008553,6
008554,7
008555,15
008556,10
008557,8
008558,10
008559,10
008560,11
008561,8
008562,10
008563,12
008564,8
008565,8
008566,4
008567,7
008568,9
008569,3
008570,1
008571,1
008572,2
008573,0
008574,1
008575,1
008576,2
008577,6
008578,7
008579,12
008580,10
008581,13
008582,8
008583,7
008584,10
008585,9
008586,6
008587,3
008588,5
008589,5
008590,6
008591,11
008592,7
008593,2
008594,1
008595,0
008596,3
008597,1
008598,2
008599,0
008600,3
008601,9
008602,7
008603,11
008604,21
008605,31
008606,23
008607,20
008608,16
008609,12
008610,13
008611,8
008612,10
008613,8
008614,6
008615,11
008616,3
008617,3
008618,4
008619,2
008620,2
008621,0
008622,4
008623,1
008624,3
008625,11
008626,8
008627,13
008628,6
008629,13
008630,12
008631,10
008632,11
008633,12
008634,8
008635,5
008636,6
008637,7
008638,5
008639,4
008640,2
008641,3
008642,1
008643,2
008644,1
008645,2
008646,0
008647,1
008648,5
008649,5
008650,11
008651,7
008652,9
008653,11
008654,6
008655,9
008656,5
008657,7
008658,9
008659,9
008660,3
008661,3
008662,7
008663,13
008664,5
008665,3
008666,1
008667,1
008668,2
008669,0
008670,2
008671,1
008672,4
008673,2
008674,8
008675,11
008676,8
008677,13
008678,6
008679,7
008680,9
008681,11
008682,31
008683,26
008684,11
008685,9
008686,6
008687,7
008688,6
008689,6
008690,3
008691,3
008692,0
008693,1
008694,1
008695,3
008696,4
008697,5
008698,10
008699,16
008700,15
008701,10
008702,12
008703,10
008704,23
008705,7
008706,8
008707,11
008708,9
008709,5
008710,7
008711,11
008712,5
008713,0
008714,1
008715,1
008716,1
008717,3
008718,2
008719,3
008720,8
008721,14
008722,19
008723,15
008724,9
008725,18
008726,12
008727,15
008728,8
008729,22
008730,5
008731,21
008732,9
008733,6
008734,9
008735,6
008736,4
008737,5
008738,2
008739,1
008740,4
008741,0
008742,3
008743,5
008744,2
008745,7
008746,8
008747,10
008748,21
008749,8
008750,15
008751,10
008752,13
008753,11
008754,13
008755,15
008756,8
008757,8
008758,17
008759,10
ZERO0,0
ZERO1,0
ZERO2,0
ZERO3,0
ZERO4,0
ZERO5,0 
ZERO6,0
ZERO7,0
ZERO8,0
ZERO9,0
ZERO10,0
ZERO11,0 
ZERO12,0
ZERO13,0
ZERO14,0
ZERO15,0
ZERO16,0
ZERO17,0 
ZERO18,0
ZERO19,0
ZERO20,0 
ZERO21,0 
ZERO22,0
ZERO23,0